[
    {
        "model": "auth.user",
        "pk": 1,
        "fields": {
            "username": "DoeEmployee",
            "first_name": "Lillith",
            "last_name": "Gracewater",
            "email": "lg@mail.com",
            "password": "1234",
            "groups": "",
            "user_permissions": "",
            "is_staff": "True",
            "is_active": "True",
            "is_superuser": "True",
            "last_login": "2019-02-01",
            "date_joined": "2019-02-01"
        }
    },
    {
        "model": "auth.user",
        "pk": 2,
        "fields": {
            "username": "DoeAdvocate",
            "first_name": "Borden",
            "last_name": "Pansnatcher",
            "email": "bp@inbox.com",
            "password": "5678",
            "groups": "",
            "user_permissions": "",
            "is_staff": "True",
            "is_active": "True",
            "is_superuser": "True",
            "last_login": "2019-01-01",
            "date_joined": "2019-01-15"
        }
    },
    {
        "model": "gsndb.district",
        "pk": 1,
        "fields": {
            "name": "Sierra Grande",
            "state": "CO",
            "city": "Conejos",
            "code": "R30"
        }
    },
    {
        "model": "gsndb.district",
        "pk": 2,
        "fields": {
            "name": "Sangre de Cristo",
            "state": "CO",
            "city": "Mosca",
            "code": "Re-22j"
        }
    },
    {
        "model": "gsndb.district",
        "pk": 3,
        "fields": {
	           "name": "Weld County",
             "state": "CO",
             "city": "Keenesburg",
             "code": "RE-3J"
        }
    },
    {
        "model": "gsndb.school",
        "pk": 1,
        "fields": {
            "name": "Sierra Grande Elem/Junior High",
            "district": 1
        }
    },
    {
        "model": "gsndb.school",
        "pk": 2,
        "fields": {
            "name": "Sangre de Cristo Elem/Junior High",
            "district": 2
        }
    },
    {
        "model": "gsndb.school",
        "pk": 3,
        "fields": {
            "name": "Weld Central Middle School",
            "district": 3
        }
    },
    {
        "model": "gsndb.program",
        "pk": 1,
        "fields": {
            "name": "Expelled and At-Risk Student Services Program"
        }
    },
    {
        "model": "gsndb.program",
        "pk": 2,
        "fields": {
            "name": "Children of Veterans Education Program"
        }
    },
    {
        "model": "gsndb.calendar",
        "pk": 1,
        "fields": {
            "year": 2017,
            "term": "FLL"
        }
    },
    {
        "model": "gsndb.calendar",
        "pk": 2,
        "fields": {
            "year": 2018,
            "term": "SPR"
        }
    },
    {
        "model": "gsndb.calendar",
        "pk": 3,
        "fields": {
            "year": 2018,
            "term": "FLL"
        }
    },
    {
        "model": "gsndb.course",
        "pk": 1,
        "fields": {
            "code": "MTH-101",
            "name": "arithmetic",
            "subject": "MTH",
            "school": 1
        }
    },
    {
        "model": "gsndb.course",
        "pk": 2,
        "fields": {
            "code": "RDG-250",
            "name": "literature",
            "subject": "RDG",
            "school": 1
        }
    },
    {
        "model": "gsndb.course",
        "pk": 3,
        "fields": {
            "code": "WRT-350",
            "name": "character building",
            "subject": "WRT",
            "school": 1
        }
    },
    {
        "model": "gsndb.course",
        "pk": 4,
        "fields": {
            "code": "SCI-202",
            "name": "chemistry",
            "subject": "SCI",
            "school": 1
        }
    },
    {
        "model": "gsndb.course",
        "pk": 5,
        "fields": {
            "code": "ENG-101",
            "name": "grammar",
            "subject": "ENG",
            "school": 1
        }
    },
    {
        "model": "gsndb.course",
        "pk": 6,
        "fields": {
            "code": "SOS-201",
            "name": "world history",
            "subject": "SST",
            "school": 1
        }
    },
    {
        "model": "gsndb.course",
        "pk": 7,
        "fields": {
            "code": "MATH-111",
            "name": "multiplication",
            "subject": "MTH",
            "school": 2
        }
    },
    {
        "model": "gsndb.course",
        "pk": 8,
        "fields": {
            "code": "READ-111",
            "name": "comprehension",
            "subject": "RDG",
            "school": 2
        }
    },
    {
        "model": "gsndb.course",
        "pk": 9,
        "fields": {
            "code": "WRIT-233",
            "name": "short stories",
            "subject": "WRT",
            "school": 2
        }
    },
    {
        "model": "gsndb.course",
        "pk": 10,
        "fields": {
            "code": "SCIN-344",
            "name": "physics",
            "subject": "SCI",
            "school": 2
        }
    },
    {
        "model": "gsndb.course",
        "pk": 11,
        "fields": {
            "code": "ENGL-222",
            "name": "conjugations",
            "subject": "ENG",
            "school": 2
        }
    },
    {
        "model": "gsndb.course",
        "pk": 12,
        "fields": {
            "code": "SOST-233",
            "name": "us history",
            "subject": "SST",
            "school": 2
        }
    },
    {
        "model": "gsndb.student",
        "pk": 1,
        "fields": {
            "current_school": 1,
            "first_name": "Linton",
            "last_name": "Stephens",
            "middle_name": "Baker",
            "gender": "M",
            "birth_date": "2007-01-23",
            "state_id": 4215379180,
            "grade_year": 6,
            "current_program": 1,
            "reason_in_program": "poor grades"
        }
    },
    {
        "model": "gsndb.student",
        "pk": 2,
        "fields": {
            "current_school": 1,
            "first_name": "Brent",
            "last_name": "Rosario",
            "middle_name": "Runner",
            "gender": "M",
            "birth_date": "2009-04-20",
            "state_id": 3168594265,
            "grade_year": 4,
            "current_program": 1,
            "reason_in_program": "truancy"
        }
    },
    {
        "model": "gsndb.student",
        "pk": 3,
        "fields": {
            "current_school": 2,
            "first_name": "Banu",
            "last_name": "Rounds",
            "middle_name": "Sprinter",
            "gender": "M",
            "birth_date": "2008-07-04",
            "state_id": 3591029003,
            "grade_year": 5,
            "current_program": 1,
            "reason_in_program": "multiple expulsions"
        }
    },
    {
        "model": "gsndb.student",
        "pk": 4,
        "fields": {
            "current_school": 2,
            "first_name": "Biel",
            "last_name": "Morgan",
            "middle_name": "Banker",
            "gender": "F",
            "birth_date": "2010-06-17",
            "state_id": 7493417318,
            "grade_year": 3,
            "current_program": 1,
            "reason_in_program": "at risk of expulsion"
        }
    },
    {
        "model": "gsndb.student",
        "pk": 5,
        "fields": {
            "current_school": 1,
            "first_name": "Nikolai",
            "last_name": "Dale",
            "middle_name": "Writer",
            "gender": "M",
            "birth_date": "2009-03-09",
            "state_id": 1673133814,
            "grade_year": 4,
            "current_program": 2,
            "reason_in_program": "chronic misbehavior"
        }
    },
    {
        "model": "gsndb.student",
        "pk": 6,
        "fields": {
            "current_school": 1,
            "first_name": "Dulcibella",
            "last_name": "Legrand",
            "middle_name": "Black",
            "gender": "F",
            "birth_date": "2008-08-30",
            "state_id": 7829341275,
            "grade_year": 5,
            "current_program": 2,
            "reason_in_program": "substance abuse"
        }
    },
    {
        "model": "gsndb.student",
        "pk": 7,
        "fields": {
            "current_school": 2,
            "first_name": "Petra",
            "last_name": "Bently",
            "middle_name": "White",
            "gender": "F",
            "birth_date": "2005-12-12",
            "state_id": 7187951180,
            "grade_year": 8,
            "current_program": 2,
            "reason_in_program": "family history of dropping out"
        }
    },
    {
        "model": "gsndb.student",
        "pk": 8,
        "fields": {
            "current_school": 2,
            "first_name": "Shakuntala",
            "last_name": "Cernik",
            "middle_name": "Brown",
            "gender": "F",
            "birth_date": "2010-10-31",
            "state_id": 8288556374,
            "grade_year": 3,
            "current_program": 2,
            "reason_in_program": "poor grades"
        }
    },
    {
        "model": "gsndb.studentuserhasaccess",
        "pk": 1,
        "fields": {
            "user": 1,
            "student": 1
        }
    },
    {
        "model": "gsndb.studentuserhasaccess",
        "pk": 2,
        "fields": {
            "user": 1,
            "student": 2
        }
    },
    {
        "model": "gsndb.studentuserhasaccess",
        "pk": 3,
        "fields": {
            "user": 1,
            "student": 3
        }
    },
    {
        "model": "gsndb.studentuserhasaccess",
        "pk": 4,
        "fields": {
            "user": 1,
            "student": 4
        }
    },
    {
        "model": "gsndb.studentuserhasaccess",
        "pk": 5,
        "fields": {
            "user": 1,
            "student": 5
        }
    },
    {
        "model": "gsndb.studentuserhasaccess",
        "pk": 6,
        "fields": {
            "user": 1,
            "student": 6
        }
    },
    {
        "model": "gsndb.studentuserhasaccess",
        "pk": 7,
        "fields": {
            "user": 1,
            "student": 7
        }
    },
    {
        "model": "gsndb.studentuserhasaccess",
        "pk": 8,
        "fields": {
            "user": 1,
            "student": 8
        }
    },
    {
        "model": "gsndb.studentuserhasaccess",
        "pk": 9,
        "fields": {
            "user": 2,
            "student": 1
        }
    },
    {
        "model": "gsndb.studentuserhasaccess",
        "pk": 10,
        "fields": {
            "user": 2,
            "student": 2
        }
    },
    {
        "model": "gsndb.studentuserhasaccess",
        "pk": 11,
        "fields": {
            "user": 2,
            "student": 3
        }
    },
    {
        "model": "gsndb.studentuserhasaccess",
        "pk": 12,
        "fields": {
            "user": 2,
            "student": 4
        }
    },
    {
        "model": "gsndb.mystudents",
        "pk": 1,
        "fields": {
            "student_user_has_access": 1
        }
    },
    {
        "model": "gsndb.mystudents",
        "pk": 2,
        "fields": {
            "student_user_has_access": 2
        }
    },
    {
        "model": "gsndb.mystudents",
        "pk": 3,
        "fields": {
            "student_user_has_access": 5
        }
    },
    {
        "model": "gsndb.mystudents",
        "pk": 4,
        "fields": {
            "student_user_has_access": 6
        }
    },
    {
        "model": "gsndb.mystudents",
        "pk": 5,
        "fields": {
            "student_user_has_access": 9
        }
    },
    {
        "model": "gsndb.mystudents",
        "pk": 6,
        "fields": {
            "student_user_has_access": 11
        }
    },
    {
        "model": "gsndb.historicalstudentid",
        "pk": 1,
        "fields": {
            "student": 1,
            "school": 1,
            "student_SISID": 1
        }
    },
    {
        "model": "gsndb.historicalstudentid",
        "pk": 2,
        "fields": {
            "student": 2,
            "school": 1,
            "student_SISID": 2
        }
    },
    {
        "model": "gsndb.historicalstudentid",
        "pk": 3,
        "fields": {
            "student": 3,
            "school": 1,
            "student_SISID": 3
        }
    },
    {
        "model": "gsndb.historicalstudentid",
        "pk": 4,
        "fields": {
            "student": 3,
            "school": 2,
            "student_SISID": 3
        }
    },
    {
        "model": "gsndb.historicalstudentid",
        "pk": 5,
        "fields": {
            "student": 4,
            "school": 1,
            "student_SISID": 4
        }
    },
    {
        "model": "gsndb.historicalstudentid",
        "pk": 6,
        "fields": {
            "student": 4,
            "school": 2,
            "student_SISID": 4
        }
    },
    {
        "model": "gsndb.historicalstudentid",
        "pk": 7,
        "fields": {
            "student": 5,
            "school": 2,
            "student_SISID": 5
        }
    },
    {
        "model": "gsndb.historicalstudentid",
        "pk": 8,
        "fields": {
            "student": 6,
            "school": 2,
            "student_SISID": 6
        }
    },
    {
        "model": "gsndb.historicalstudentid",
        "pk": 9,
        "fields": {
            "student": 7,
            "school": 1,
            "student_SISID": 7
        }
    },
    {
        "model": "gsndb.historicalstudentid",
        "pk": 10,
        "fields": {
            "student": 7,
            "school": 2,
            "student_SISID": 7
        }
    },
    {
        "model": "gsndb.historicalstudentid",
        "pk": 11,
        "fields": {
            "student": 8,
            "school": 1,
            "student_SISID": 8
        }
    },
    {
        "model": "gsndb.historicalstudentid",
        "pk": 12,
        "fields": {
            "student": 8,
            "school": 2,
            "student_SISID": 8
        }
    },
    {
        "model": "gsndb.grade",
        "pk": 1,
        "fields": {
            "student": 1,
            "course": 1,
            "calendar": 3,
            "program": 1,
            "period": 1,
            "entry_datetime": "2018-10-01 4:05:06",
            "grade": 0.53,
            "term_final_value": "False"
        }
    },
    {
        "model": "gsndb.grade",
        "pk": 2,
        "fields": {
            "student": 1,
            "course": 2,
            "calendar": 3,
            "program": 1,
            "period": 2,
            "entry_datetime": "2018-10-01 4:05:06",
            "grade": 0.71,
            "term_final_value": "False"
        }
    },
    {
        "model": "gsndb.grade",
        "pk": 3,
        "fields": {
            "student": 1,
            "course": 3,
            "calendar": 3,
            "program": 1,
            "period": 3,
            "entry_datetime": "2018-10-01 4:05:06",
            "grade": 0.9,
            "term_final_value": "False"
        }
    },
    {
        "model": "gsndb.grade",
        "pk": 4,
        "fields": {
            "student": 1,
            "course": 4,
            "calendar": 3,
            "program": 1,
            "period": 4,
            "entry_datetime": "2018-10-01 4:05:06",
            "grade": 0.68,
            "term_final_value": "False"
        }
    },
    {
        "model": "gsndb.grade",
        "pk": 5,
        "fields": {
            "student": 1,
            "course": 5,
            "calendar": 3,
            "program": 1,
            "period": 5,
            "entry_datetime": "2018-10-01 4:05:06",
            "grade": 0.63,
            "term_final_value": "False"
        }
    },
    {
        "model": "gsndb.grade",
        "pk": 6,
        "fields": {
            "student": 1,
            "course": 6,
            "calendar": 3,
            "program": 1,
            "period": 6,
            "entry_datetime": "2018-10-01 4:05:06",
            "grade": 0.61,
            "term_final_value": "False"
        }
    },
    {
        "model": "gsndb.grade",
        "pk": 7,
        "fields": {
            "student": 2,
            "course": 1,
            "calendar": 3,
            "program": 1,
            "period": 1,
            "entry_datetime": "2018-10-01 4:05:06",
            "grade": 0.53,
            "term_final_value": "False"
        }
    },
    {
        "model": "gsndb.grade",
        "pk": 8,
        "fields": {
            "student": 2,
            "course": 2,
            "calendar": 3,
            "program": 1,
            "period": 2,
            "entry_datetime": "2018-10-01 4:05:06",
            "grade": 0.7,
            "term_final_value": "False"
        }
    },
    {
        "model": "gsndb.grade",
        "pk": 9,
        "fields": {
            "student": 2,
            "course": 3,
            "calendar": 3,
            "program": 1,
            "period": 3,
            "entry_datetime": "2018-10-01 4:05:06",
            "grade": 0.95,
            "term_final_value": "False"
        }
    },
    {
        "model": "gsndb.grade",
        "pk": 10,
        "fields": {
            "student": 2,
            "course": 4,
            "calendar": 3,
            "program": 1,
            "period": 4,
            "entry_datetime": "2018-10-01 4:05:06",
            "grade": 0.98,
            "term_final_value": "False"
        }
    },
    {
        "model": "gsndb.grade",
        "pk": 11,
        "fields": {
            "student": 2,
            "course": 5,
            "calendar": 3,
            "program": 1,
            "period": 5,
            "entry_datetime": "2018-10-01 4:05:06",
            "grade": 0.65,
            "term_final_value": "False"
        }
    },
    {
        "model": "gsndb.grade",
        "pk": 12,
        "fields": {
            "student": 2,
            "course": 6,
            "calendar": 3,
            "program": 1,
            "period": 6,
            "entry_datetime": "2018-10-01 4:05:06",
            "grade": 0.73,
            "term_final_value": "False"
        }
    },
    {
        "model": "gsndb.grade",
        "pk": 13,
        "fields": {
            "student": 3,
            "course": 7,
            "calendar": 3,
            "program": 1,
            "period": 1,
            "entry_datetime": "2018-10-01 4:05:06",
            "grade": 0.95,
            "term_final_value": "False"
        }
    },
    {
        "model": "gsndb.grade",
        "pk": 14,
        "fields": {
            "student": 3,
            "course": 8,
            "calendar": 3,
            "program": 1,
            "period": 2,
            "entry_datetime": "2018-10-01 4:05:06",
            "grade": 0.99,
            "term_final_value": "False"
        }
    },
    {
        "model": "gsndb.grade",
        "pk": 15,
        "fields": {
            "student": 3,
            "course": 9,
            "calendar": 3,
            "program": 1,
            "period": 3,
            "entry_datetime": "2018-10-01 4:05:06",
            "grade": 0.51,
            "term_final_value": "False"
        }
    },
    {
        "model": "gsndb.grade",
        "pk": 16,
        "fields": {
            "student": 3,
            "course": 10,
            "calendar": 3,
            "program": 1,
            "period": 4,
            "entry_datetime": "2018-10-01 4:05:06",
            "grade": 0.5,
            "term_final_value": "False"
        }
    },
    {
        "model": "gsndb.grade",
        "pk": 17,
        "fields": {
            "student": 3,
            "course": 11,
            "calendar": 3,
            "program": 1,
            "period": 5,
            "entry_datetime": "2018-10-01 4:05:06",
            "grade": 0.82,
            "term_final_value": "False"
        }
    },
    {
        "model": "gsndb.grade",
        "pk": 18,
        "fields": {
            "student": 3,
            "course": 12,
            "calendar": 3,
            "program": 1,
            "period": 6,
            "entry_datetime": "2018-10-01 4:05:06",
            "grade": 0.83,
            "term_final_value": "False"
        }
    },
    {
        "model": "gsndb.grade",
        "pk": 19,
        "fields": {
            "student": 4,
            "course": 7,
            "calendar": 3,
            "program": 1,
            "period": 1,
            "entry_datetime": "2018-10-01 4:05:06",
            "grade": 0.71,
            "term_final_value": "False"
        }
    },
    {
        "model": "gsndb.grade",
        "pk": 20,
        "fields": {
            "student": 4,
            "course": 8,
            "calendar": 3,
            "program": 1,
            "period": 2,
            "entry_datetime": "2018-10-01 4:05:06",
            "grade": 0.85,
            "term_final_value": "False"
        }
    },
    {
        "model": "gsndb.grade",
        "pk": 21,
        "fields": {
            "student": 4,
            "course": 9,
            "calendar": 3,
            "program": 1,
            "period": 3,
            "entry_datetime": "2018-10-01 4:05:06",
            "grade": 0.56,
            "term_final_value": "False"
        }
    },
    {
        "model": "gsndb.grade",
        "pk": 22,
        "fields": {
            "student": 4,
            "course": 10,
            "calendar": 3,
            "program": 1,
            "period": 4,
            "entry_datetime": "2018-10-01 4:05:06",
            "grade": 0.89,
            "term_final_value": "False"
        }
    },
    {
        "model": "gsndb.grade",
        "pk": 23,
        "fields": {
            "student": 4,
            "course": 11,
            "calendar": 3,
            "program": 1,
            "period": 5,
            "entry_datetime": "2018-10-01 4:05:06",
            "grade": 0.52,
            "term_final_value": "False"
        }
    },
    {
        "model": "gsndb.grade",
        "pk": 24,
        "fields": {
            "student": 4,
            "course": 12,
            "calendar": 3,
            "program": 1,
            "period": 6,
            "entry_datetime": "2018-10-01 4:05:06",
            "grade": 0.9,
            "term_final_value": "False"
        }
    },
    {
        "model": "gsndb.grade",
        "pk": 25,
        "fields": {
            "student": 5,
            "course": 1,
            "calendar": 3,
            "program": 2,
            "period": 1,
            "entry_datetime": "2018-10-01 4:05:06",
            "grade": 0.86,
            "term_final_value": "False"
        }
    },
    {
        "model": "gsndb.grade",
        "pk": 26,
        "fields": {
            "student": 5,
            "course": 2,
            "calendar": 3,
            "program": 2,
            "period": 2,
            "entry_datetime": "2018-10-01 4:05:06",
            "grade": 0.83,
            "term_final_value": "False"
        }
    },
    {
        "model": "gsndb.grade",
        "pk": 27,
        "fields": {
            "student": 5,
            "course": 3,
            "calendar": 3,
            "program": 2,
            "period": 3,
            "entry_datetime": "2018-10-01 4:05:06",
            "grade": 0.71,
            "term_final_value": "False"
        }
    },
    {
        "model": "gsndb.grade",
        "pk": 28,
        "fields": {
            "student": 5,
            "course": 4,
            "calendar": 3,
            "program": 2,
            "period": 4,
            "entry_datetime": "2018-10-01 4:05:06",
            "grade": 0.57,
            "term_final_value": "False"
        }
    },
    {
        "model": "gsndb.grade",
        "pk": 29,
        "fields": {
            "student": 5,
            "course": 5,
            "calendar": 3,
            "program": 2,
            "period": 5,
            "entry_datetime": "2018-10-01 4:05:06",
            "grade": 0.61,
            "term_final_value": "False"
        }
    },
    {
        "model": "gsndb.grade",
        "pk": 30,
        "fields": {
            "student": 5,
            "course": 6,
            "calendar": 3,
            "program": 2,
            "period": 6,
            "entry_datetime": "2018-10-01 4:05:06",
            "grade": 0.92,
            "term_final_value": "False"
        }
    },
    {
        "model": "gsndb.grade",
        "pk": 31,
        "fields": {
            "student": 6,
            "course": 1,
            "calendar": 3,
            "program": 2,
            "period": 1,
            "entry_datetime": "2018-10-01 4:05:06",
            "grade": 0.93,
            "term_final_value": "False"
        }
    },
    {
        "model": "gsndb.grade",
        "pk": 32,
        "fields": {
            "student": 6,
            "course": 2,
            "calendar": 3,
            "program": 2,
            "period": 2,
            "entry_datetime": "2018-10-01 4:05:06",
            "grade": 1.0,
            "term_final_value": "False"
        }
    },
    {
        "model": "gsndb.grade",
        "pk": 33,
        "fields": {
            "student": 6,
            "course": 3,
            "calendar": 3,
            "program": 2,
            "period": 3,
            "entry_datetime": "2018-10-01 4:05:06",
            "grade": 0.86,
            "term_final_value": "False"
        }
    },
    {
        "model": "gsndb.grade",
        "pk": 34,
        "fields": {
            "student": 6,
            "course": 4,
            "calendar": 3,
            "program": 2,
            "period": 4,
            "entry_datetime": "2018-10-01 4:05:06",
            "grade": 0.96,
            "term_final_value": "False"
        }
    },
    {
        "model": "gsndb.grade",
        "pk": 35,
        "fields": {
            "student": 6,
            "course": 5,
            "calendar": 3,
            "program": 2,
            "period": 5,
            "entry_datetime": "2018-10-01 4:05:06",
            "grade": 0.51,
            "term_final_value": "False"
        }
    },
    {
        "model": "gsndb.grade",
        "pk": 36,
        "fields": {
            "student": 6,
            "course": 6,
            "calendar": 3,
            "program": 2,
            "period": 6,
            "entry_datetime": "2018-10-01 4:05:06",
            "grade": 0.7,
            "term_final_value": "False"
        }
    },
    {
        "model": "gsndb.grade",
        "pk": 37,
        "fields": {
            "student": 7,
            "course": 7,
            "calendar": 3,
            "program": 2,
            "period": 1,
            "entry_datetime": "2018-10-01 4:05:06",
            "grade": 0.96,
            "term_final_value": "False"
        }
    },
    {
        "model": "gsndb.grade",
        "pk": 38,
        "fields": {
            "student": 7,
            "course": 8,
            "calendar": 3,
            "program": 2,
            "period": 2,
            "entry_datetime": "2018-10-01 4:05:06",
            "grade": 0.73,
            "term_final_value": "False"
        }
    },
    {
        "model": "gsndb.grade",
        "pk": 39,
        "fields": {
            "student": 7,
            "course": 9,
            "calendar": 3,
            "program": 2,
            "period": 3,
            "entry_datetime": "2018-10-01 4:05:06",
            "grade": 0.87,
            "term_final_value": "False"
        }
    },
    {
        "model": "gsndb.grade",
        "pk": 40,
        "fields": {
            "student": 7,
            "course": 10,
            "calendar": 3,
            "program": 2,
            "period": 4,
            "entry_datetime": "2018-10-01 4:05:06",
            "grade": 0.95,
            "term_final_value": "False"
        }
    },
    {
        "model": "gsndb.grade",
        "pk": 41,
        "fields": {
            "student": 7,
            "course": 11,
            "calendar": 3,
            "program": 2,
            "period": 5,
            "entry_datetime": "2018-10-01 4:05:06",
            "grade": 0.73,
            "term_final_value": "False"
        }
    },
    {
        "model": "gsndb.grade",
        "pk": 42,
        "fields": {
            "student": 7,
            "course": 12,
            "calendar": 3,
            "program": 2,
            "period": 6,
            "entry_datetime": "2018-10-01 4:05:06",
            "grade": 0.81,
            "term_final_value": "False"
        }
    },
    {
        "model": "gsndb.grade",
        "pk": 43,
        "fields": {
            "student": 8,
            "course": 7,
            "calendar": 3,
            "program": 2,
            "period": 1,
            "entry_datetime": "2018-10-01 4:05:06",
            "grade": 0.9,
            "term_final_value": "False"
        }
    },
    {
        "model": "gsndb.grade",
        "pk": 44,
        "fields": {
            "student": 8,
            "course": 8,
            "calendar": 3,
            "program": 2,
            "period": 2,
            "entry_datetime": "2018-10-01 4:05:06",
            "grade": 0.93,
            "term_final_value": "False"
        }
    },
    {
        "model": "gsndb.grade",
        "pk": 45,
        "fields": {
            "student": 8,
            "course": 9,
            "calendar": 3,
            "program": 2,
            "period": 3,
            "entry_datetime": "2018-10-01 4:05:06",
            "grade": 0.5,
            "term_final_value": "False"
        }
    },
    {
        "model": "gsndb.grade",
        "pk": 46,
        "fields": {
            "student": 8,
            "course": 10,
            "calendar": 3,
            "program": 2,
            "period": 4,
            "entry_datetime": "2018-10-01 4:05:06",
            "grade": 0.92,
            "term_final_value": "False"
        }
    },
    {
        "model": "gsndb.grade",
        "pk": 47,
        "fields": {
            "student": 8,
            "course": 11,
            "calendar": 3,
            "program": 2,
            "period": 5,
            "entry_datetime": "2018-10-01 4:05:06",
            "grade": 0.7,
            "term_final_value": "False"
        }
    },
    {
        "model": "gsndb.grade",
        "pk": 48,
        "fields": {
            "student": 8,
            "course": 12,
            "calendar": 3,
            "program": 2,
            "period": 6,
            "entry_datetime": "2018-10-01 4:05:06",
            "grade": 0.9,
            "term_final_value": "False"
        }
    },
    {
        "model": "gsndb.grade",
        "pk": 49,
        "fields": {
            "student": 1,
            "course": 1,
            "calendar": 3,
            "program": 1,
            "period": 1,
            "entry_datetime": "2018-11-01 4:05:06",
            "grade": 0.61,
            "term_final_value": "False"
        }
    },
    {
        "model": "gsndb.grade",
        "pk": 50,
        "fields": {
            "student": 1,
            "course": 2,
            "calendar": 3,
            "program": 1,
            "period": 2,
            "entry_datetime": "2018-11-01 4:05:06",
            "grade": 0.75,
            "term_final_value": "False"
        }
    },
    {
        "model": "gsndb.grade",
        "pk": 51,
        "fields": {
            "student": 1,
            "course": 3,
            "calendar": 3,
            "program": 1,
            "period": 3,
            "entry_datetime": "2018-11-01 4:05:06",
            "grade": 0.89,
            "term_final_value": "False"
        }
    },
    {
        "model": "gsndb.grade",
        "pk": 52,
        "fields": {
            "student": 1,
            "course": 4,
            "calendar": 3,
            "program": 1,
            "period": 4,
            "entry_datetime": "2018-11-01 4:05:06",
            "grade": 0.81,
            "term_final_value": "False"
        }
    },
    {
        "model": "gsndb.grade",
        "pk": 53,
        "fields": {
            "student": 1,
            "course": 5,
            "calendar": 3,
            "program": 1,
            "period": 5,
            "entry_datetime": "2018-11-01 4:05:06",
            "grade": 0.91,
            "term_final_value": "False"
        }
    },
    {
        "model": "gsndb.grade",
        "pk": 54,
        "fields": {
            "student": 1,
            "course": 6,
            "calendar": 3,
            "program": 1,
            "period": 6,
            "entry_datetime": "2018-11-01 4:05:06",
            "grade": 0.78,
            "term_final_value": "False"
        }
    },
    {
        "model": "gsndb.grade",
        "pk": 55,
        "fields": {
            "student": 2,
            "course": 1,
            "calendar": 3,
            "program": 1,
            "period": 1,
            "entry_datetime": "2018-11-01 4:05:06",
            "grade": 0.73,
            "term_final_value": "False"
        }
    },
    {
        "model": "gsndb.grade",
        "pk": 56,
        "fields": {
            "student": 2,
            "course": 2,
            "calendar": 3,
            "program": 1,
            "period": 2,
            "entry_datetime": "2018-11-01 4:05:06",
            "grade": 0.59,
            "term_final_value": "False"
        }
    },
    {
        "model": "gsndb.grade",
        "pk": 57,
        "fields": {
            "student": 2,
            "course": 3,
            "calendar": 3,
            "program": 1,
            "period": 3,
            "entry_datetime": "2018-11-01 4:05:06",
            "grade": 0.95,
            "term_final_value": "False"
        }
    },
    {
        "model": "gsndb.grade",
        "pk": 58,
        "fields": {
            "student": 2,
            "course": 4,
            "calendar": 3,
            "program": 1,
            "period": 4,
            "entry_datetime": "2018-11-01 4:05:06",
            "grade": 0.61,
            "term_final_value": "False"
        }
    },
    {
        "model": "gsndb.grade",
        "pk": 59,
        "fields": {
            "student": 2,
            "course": 5,
            "calendar": 3,
            "program": 1,
            "period": 5,
            "entry_datetime": "2018-11-01 4:05:06",
            "grade": 0.53,
            "term_final_value": "False"
        }
    },
    {
        "model": "gsndb.grade",
        "pk": 60,
        "fields": {
            "student": 2,
            "course": 6,
            "calendar": 3,
            "program": 1,
            "period": 6,
            "entry_datetime": "2018-11-01 4:05:06",
            "grade": 0.54,
            "term_final_value": "False"
        }
    },
    {
        "model": "gsndb.grade",
        "pk": 61,
        "fields": {
            "student": 3,
            "course": 7,
            "calendar": 3,
            "program": 1,
            "period": 1,
            "entry_datetime": "2018-11-01 4:05:06",
            "grade": 0.93,
            "term_final_value": "False"
        }
    },
    {
        "model": "gsndb.grade",
        "pk": 62,
        "fields": {
            "student": 3,
            "course": 8,
            "calendar": 3,
            "program": 1,
            "period": 2,
            "entry_datetime": "2018-11-01 4:05:06",
            "grade": 0.78,
            "term_final_value": "False"
        }
    },
    {
        "model": "gsndb.grade",
        "pk": 63,
        "fields": {
            "student": 3,
            "course": 9,
            "calendar": 3,
            "program": 1,
            "period": 3,
            "entry_datetime": "2018-11-01 4:05:06",
            "grade": 0.89,
            "term_final_value": "False"
        }
    },
    {
        "model": "gsndb.grade",
        "pk": 64,
        "fields": {
            "student": 3,
            "course": 10,
            "calendar": 3,
            "program": 1,
            "period": 4,
            "entry_datetime": "2018-11-01 4:05:06",
            "grade": 0.78,
            "term_final_value": "False"
        }
    },
    {
        "model": "gsndb.grade",
        "pk": 65,
        "fields": {
            "student": 3,
            "course": 11,
            "calendar": 3,
            "program": 1,
            "period": 5,
            "entry_datetime": "2018-11-01 4:05:06",
            "grade": 0.78,
            "term_final_value": "False"
        }
    },
    {
        "model": "gsndb.grade",
        "pk": 66,
        "fields": {
            "student": 3,
            "course": 12,
            "calendar": 3,
            "program": 1,
            "period": 6,
            "entry_datetime": "2018-11-01 4:05:06",
            "grade": 0.76,
            "term_final_value": "False"
        }
    },
    {
        "model": "gsndb.grade",
        "pk": 67,
        "fields": {
            "student": 4,
            "course": 7,
            "calendar": 3,
            "program": 1,
            "period": 1,
            "entry_datetime": "2018-11-01 4:05:06",
            "grade": 0.77,
            "term_final_value": "False"
        }
    },
    {
        "model": "gsndb.grade",
        "pk": 68,
        "fields": {
            "student": 4,
            "course": 8,
            "calendar": 3,
            "program": 1,
            "period": 2,
            "entry_datetime": "2018-11-01 4:05:06",
            "grade": 0.66,
            "term_final_value": "False"
        }
    },
    {
        "model": "gsndb.grade",
        "pk": 69,
        "fields": {
            "student": 4,
            "course": 9,
            "calendar": 3,
            "program": 1,
            "period": 3,
            "entry_datetime": "2018-11-01 4:05:06",
            "grade": 0.86,
            "term_final_value": "False"
        }
    },
    {
        "model": "gsndb.grade",
        "pk": 70,
        "fields": {
            "student": 4,
            "course": 10,
            "calendar": 3,
            "program": 1,
            "period": 4,
            "entry_datetime": "2018-11-01 4:05:06",
            "grade": 0.62,
            "term_final_value": "False"
        }
    },
    {
        "model": "gsndb.grade",
        "pk": 71,
        "fields": {
            "student": 4,
            "course": 11,
            "calendar": 3,
            "program": 1,
            "period": 5,
            "entry_datetime": "2018-11-01 4:05:06",
            "grade": 0.85,
            "term_final_value": "False"
        }
    },
    {
        "model": "gsndb.grade",
        "pk": 72,
        "fields": {
            "student": 4,
            "course": 12,
            "calendar": 3,
            "program": 1,
            "period": 6,
            "entry_datetime": "2018-11-01 4:05:06",
            "grade": 0.99,
            "term_final_value": "False"
        }
    },
    {
        "model": "gsndb.grade",
        "pk": 73,
        "fields": {
            "student": 5,
            "course": 1,
            "calendar": 3,
            "program": 2,
            "period": 1,
            "entry_datetime": "2018-11-01 4:05:06",
            "grade": 0.54,
            "term_final_value": "False"
        }
    },
    {
        "model": "gsndb.grade",
        "pk": 74,
        "fields": {
            "student": 5,
            "course": 2,
            "calendar": 3,
            "program": 2,
            "period": 2,
            "entry_datetime": "2018-11-01 4:05:06",
            "grade": 0.9,
            "term_final_value": "False"
        }
    },
    {
        "model": "gsndb.grade",
        "pk": 75,
        "fields": {
            "student": 5,
            "course": 3,
            "calendar": 3,
            "program": 2,
            "period": 3,
            "entry_datetime": "2018-11-01 4:05:06",
            "grade": 0.93,
            "term_final_value": "False"
        }
    },
    {
        "model": "gsndb.grade",
        "pk": 76,
        "fields": {
            "student": 5,
            "course": 4,
            "calendar": 3,
            "program": 2,
            "period": 4,
            "entry_datetime": "2018-11-01 4:05:06",
            "grade": 0.87,
            "term_final_value": "False"
        }
    },
    {
        "model": "gsndb.grade",
        "pk": 77,
        "fields": {
            "student": 5,
            "course": 5,
            "calendar": 3,
            "program": 2,
            "period": 5,
            "entry_datetime": "2018-11-01 4:05:06",
            "grade": 0.71,
            "term_final_value": "False"
        }
    },
    {
        "model": "gsndb.grade",
        "pk": 78,
        "fields": {
            "student": 5,
            "course": 6,
            "calendar": 3,
            "program": 2,
            "period": 6,
            "entry_datetime": "2018-11-01 4:05:06",
            "grade": 0.51,
            "term_final_value": "False"
        }
    },
    {
        "model": "gsndb.grade",
        "pk": 79,
        "fields": {
            "student": 6,
            "course": 1,
            "calendar": 3,
            "program": 2,
            "period": 1,
            "entry_datetime": "2018-11-01 4:05:06",
            "grade": 0.57,
            "term_final_value": "False"
        }
    },
    {
        "model": "gsndb.grade",
        "pk": 80,
        "fields": {
            "student": 6,
            "course": 2,
            "calendar": 3,
            "program": 2,
            "period": 2,
            "entry_datetime": "2018-11-01 4:05:06",
            "grade": 0.59,
            "term_final_value": "False"
        }
    },
    {
        "model": "gsndb.grade",
        "pk": 81,
        "fields": {
            "student": 6,
            "course": 3,
            "calendar": 3,
            "program": 2,
            "period": 3,
            "entry_datetime": "2018-11-01 4:05:06",
            "grade": 0.74,
            "term_final_value": "False"
        }
    },
    {
        "model": "gsndb.grade",
        "pk": 82,
        "fields": {
            "student": 6,
            "course": 4,
            "calendar": 3,
            "program": 2,
            "period": 4,
            "entry_datetime": "2018-11-01 4:05:06",
            "grade": 0.57,
            "term_final_value": "False"
        }
    },
    {
        "model": "gsndb.grade",
        "pk": 83,
        "fields": {
            "student": 6,
            "course": 5,
            "calendar": 3,
            "program": 2,
            "period": 5,
            "entry_datetime": "2018-11-01 4:05:06",
            "grade": 0.55,
            "term_final_value": "False"
        }
    },
    {
        "model": "gsndb.grade",
        "pk": 84,
        "fields": {
            "student": 6,
            "course": 6,
            "calendar": 3,
            "program": 2,
            "period": 6,
            "entry_datetime": "2018-11-01 4:05:06",
            "grade": 0.52,
            "term_final_value": "False"
        }
    },
    {
        "model": "gsndb.grade",
        "pk": 85,
        "fields": {
            "student": 7,
            "course": 7,
            "calendar": 3,
            "program": 2,
            "period": 1,
            "entry_datetime": "2018-11-01 4:05:06",
            "grade": 0.59,
            "term_final_value": "False"
        }
    },
    {
        "model": "gsndb.grade",
        "pk": 86,
        "fields": {
            "student": 7,
            "course": 8,
            "calendar": 3,
            "program": 2,
            "period": 2,
            "entry_datetime": "2018-11-01 4:05:06",
            "grade": 0.57,
            "term_final_value": "False"
        }
    },
    {
        "model": "gsndb.grade",
        "pk": 87,
        "fields": {
            "student": 7,
            "course": 9,
            "calendar": 3,
            "program": 2,
            "period": 3,
            "entry_datetime": "2018-11-01 4:05:06",
            "grade": 0.54,
            "term_final_value": "False"
        }
    },
    {
        "model": "gsndb.grade",
        "pk": 88,
        "fields": {
            "student": 7,
            "course": 10,
            "calendar": 3,
            "program": 2,
            "period": 4,
            "entry_datetime": "2018-11-01 4:05:06",
            "grade": 0.68,
            "term_final_value": "False"
        }
    },
    {
        "model": "gsndb.grade",
        "pk": 89,
        "fields": {
            "student": 7,
            "course": 11,
            "calendar": 3,
            "program": 2,
            "period": 5,
            "entry_datetime": "2018-11-01 4:05:06",
            "grade": 0.99,
            "term_final_value": "False"
        }
    },
    {
        "model": "gsndb.grade",
        "pk": 90,
        "fields": {
            "student": 7,
            "course": 12,
            "calendar": 3,
            "program": 2,
            "period": 6,
            "entry_datetime": "2018-11-01 4:05:06",
            "grade": 0.63,
            "term_final_value": "False"
        }
    },
    {
        "model": "gsndb.grade",
        "pk": 91,
        "fields": {
            "student": 8,
            "course": 7,
            "calendar": 3,
            "program": 2,
            "period": 1,
            "entry_datetime": "2018-11-01 4:05:06",
            "grade": 0.99,
            "term_final_value": "False"
        }
    },
    {
        "model": "gsndb.grade",
        "pk": 92,
        "fields": {
            "student": 8,
            "course": 8,
            "calendar": 3,
            "program": 2,
            "period": 2,
            "entry_datetime": "2018-11-01 4:05:06",
            "grade": 0.72,
            "term_final_value": "False"
        }
    },
    {
        "model": "gsndb.grade",
        "pk": 93,
        "fields": {
            "student": 8,
            "course": 9,
            "calendar": 3,
            "program": 2,
            "period": 3,
            "entry_datetime": "2018-11-01 4:05:06",
            "grade": 0.78,
            "term_final_value": "False"
        }
    },
    {
        "model": "gsndb.grade",
        "pk": 94,
        "fields": {
            "student": 8,
            "course": 10,
            "calendar": 3,
            "program": 2,
            "period": 4,
            "entry_datetime": "2018-11-01 4:05:06",
            "grade": 0.55,
            "term_final_value": "False"
        }
    },
    {
        "model": "gsndb.grade",
        "pk": 95,
        "fields": {
            "student": 8,
            "course": 11,
            "calendar": 3,
            "program": 2,
            "period": 5,
            "entry_datetime": "2018-11-01 4:05:06",
            "grade": 0.63,
            "term_final_value": "False"
        }
    },
    {
        "model": "gsndb.grade",
        "pk": 96,
        "fields": {
            "student": 8,
            "course": 12,
            "calendar": 3,
            "program": 2,
            "period": 6,
            "entry_datetime": "2018-11-01 4:05:06",
            "grade": 0.92,
            "term_final_value": "False"
        }
    },
    {
        "model": "gsndb.grade",
        "pk": 97,
        "fields": {
            "student": 1,
            "course": 1,
            "calendar": 2,
            "program": 1,
            "period": 1,
            "entry_datetime": "2018-06-15 4:05:06",
            "grade": 0.91,
            "term_final_value": "True"
        }
    },
    {
        "model": "gsndb.grade",
        "pk": 98,
        "fields": {
            "student": 1,
            "course": 2,
            "calendar": 2,
            "program": 1,
            "period": 2,
            "entry_datetime": "2018-06-15 4:05:06",
            "grade": 0.76,
            "term_final_value": "True"
        }
    },
    {
        "model": "gsndb.grade",
        "pk": 99,
        "fields": {
            "student": 1,
            "course": 3,
            "calendar": 2,
            "program": 1,
            "period": 3,
            "entry_datetime": "2018-06-15 4:05:06",
            "grade": 0.66,
            "term_final_value": "True"
        }
    },
    {
        "model": "gsndb.grade",
        "pk": 100,
        "fields": {
            "student": 1,
            "course": 4,
            "calendar": 2,
            "program": 1,
            "period": 4,
            "entry_datetime": "2018-06-15 4:05:06",
            "grade": 0.85,
            "term_final_value": "True"
        }
    },
    {
        "model": "gsndb.grade",
        "pk": 101,
        "fields": {
            "student": 1,
            "course": 5,
            "calendar": 2,
            "program": 1,
            "period": 5,
            "entry_datetime": "2018-06-15 4:05:06",
            "grade": 0.71,
            "term_final_value": "True"
        }
    },
    {
        "model": "gsndb.grade",
        "pk": 102,
        "fields": {
            "student": 1,
            "course": 6,
            "calendar": 2,
            "program": 1,
            "period": 6,
            "entry_datetime": "2018-06-15 4:05:06",
            "grade": 0.69,
            "term_final_value": "True"
        }
    },
    {
        "model": "gsndb.grade",
        "pk": 103,
        "fields": {
            "student": 2,
            "course": 1,
            "calendar": 2,
            "program": 1,
            "period": 1,
            "entry_datetime": "2018-06-15 4:05:06",
            "grade": 0.79,
            "term_final_value": "True"
        }
    },
    {
        "model": "gsndb.grade",
        "pk": 104,
        "fields": {
            "student": 2,
            "course": 2,
            "calendar": 2,
            "program": 1,
            "period": 2,
            "entry_datetime": "2018-06-15 4:05:06",
            "grade": 0.77,
            "term_final_value": "True"
        }
    },
    {
        "model": "gsndb.grade",
        "pk": 105,
        "fields": {
            "student": 2,
            "course": 3,
            "calendar": 2,
            "program": 1,
            "period": 3,
            "entry_datetime": "2018-06-15 4:05:06",
            "grade": 0.75,
            "term_final_value": "True"
        }
    },
    {
        "model": "gsndb.grade",
        "pk": 106,
        "fields": {
            "student": 2,
            "course": 4,
            "calendar": 2,
            "program": 1,
            "period": 4,
            "entry_datetime": "2018-06-15 4:05:06",
            "grade": 0.59,
            "term_final_value": "True"
        }
    },
    {
        "model": "gsndb.grade",
        "pk": 107,
        "fields": {
            "student": 2,
            "course": 5,
            "calendar": 2,
            "program": 1,
            "period": 5,
            "entry_datetime": "2018-06-15 4:05:06",
            "grade": 0.66,
            "term_final_value": "True"
        }
    },
    {
        "model": "gsndb.grade",
        "pk": 108,
        "fields": {
            "student": 2,
            "course": 6,
            "calendar": 2,
            "program": 1,
            "period": 6,
            "entry_datetime": "2018-06-15 4:05:06",
            "grade": 0.58,
            "term_final_value": "True"
        }
    },
    {
        "model": "gsndb.grade",
        "pk": 109,
        "fields": {
            "student": 3,
            "course": 1,
            "calendar": 2,
            "program": 1,
            "period": 1,
            "entry_datetime": "2018-06-15 4:05:06",
            "grade": 0.95,
            "term_final_value": "True"
        }
    },
    {
        "model": "gsndb.grade",
        "pk": 110,
        "fields": {
            "student": 3,
            "course": 2,
            "calendar": 2,
            "program": 1,
            "period": 2,
            "entry_datetime": "2018-06-15 4:05:06",
            "grade": 0.59,
            "term_final_value": "True"
        }
    },
    {
        "model": "gsndb.grade",
        "pk": 111,
        "fields": {
            "student": 3,
            "course": 3,
            "calendar": 2,
            "program": 1,
            "period": 3,
            "entry_datetime": "2018-06-15 4:05:06",
            "grade": 0.59,
            "term_final_value": "True"
        }
    },
    {
        "model": "gsndb.grade",
        "pk": 112,
        "fields": {
            "student": 3,
            "course": 4,
            "calendar": 2,
            "program": 1,
            "period": 4,
            "entry_datetime": "2018-06-15 4:05:06",
            "grade": 0.56,
            "term_final_value": "True"
        }
    },
    {
        "model": "gsndb.grade",
        "pk": 113,
        "fields": {
            "student": 3,
            "course": 5,
            "calendar": 2,
            "program": 1,
            "period": 5,
            "entry_datetime": "2018-06-15 4:05:06",
            "grade": 0.5,
            "term_final_value": "True"
        }
    },
    {
        "model": "gsndb.grade",
        "pk": 114,
        "fields": {
            "student": 3,
            "course": 6,
            "calendar": 2,
            "program": 1,
            "period": 6,
            "entry_datetime": "2018-06-15 4:05:06",
            "grade": 0.5,
            "term_final_value": "True"
        }
    },
    {
        "model": "gsndb.grade",
        "pk": 115,
        "fields": {
            "student": 4,
            "course": 1,
            "calendar": 2,
            "program": 1,
            "period": 1,
            "entry_datetime": "2018-06-15 4:05:06",
            "grade": 0.64,
            "term_final_value": "True"
        }
    },
    {
        "model": "gsndb.grade",
        "pk": 116,
        "fields": {
            "student": 4,
            "course": 2,
            "calendar": 2,
            "program": 1,
            "period": 2,
            "entry_datetime": "2018-06-15 4:05:06",
            "grade": 0.76,
            "term_final_value": "True"
        }
    },
    {
        "model": "gsndb.grade",
        "pk": 117,
        "fields": {
            "student": 4,
            "course": 3,
            "calendar": 2,
            "program": 1,
            "period": 3,
            "entry_datetime": "2018-06-15 4:05:06",
            "grade": 0.87,
            "term_final_value": "True"
        }
    },
    {
        "model": "gsndb.grade",
        "pk": 118,
        "fields": {
            "student": 4,
            "course": 4,
            "calendar": 2,
            "program": 1,
            "period": 4,
            "entry_datetime": "2018-06-15 4:05:06",
            "grade": 0.81,
            "term_final_value": "True"
        }
    },
    {
        "model": "gsndb.grade",
        "pk": 119,
        "fields": {
            "student": 4,
            "course": 5,
            "calendar": 2,
            "program": 1,
            "period": 5,
            "entry_datetime": "2018-06-15 4:05:06",
            "grade": 0.54,
            "term_final_value": "True"
        }
    },
    {
        "model": "gsndb.grade",
        "pk": 120,
        "fields": {
            "student": 4,
            "course": 6,
            "calendar": 2,
            "program": 1,
            "period": 6,
            "entry_datetime": "2018-06-15 4:05:06",
            "grade": 0.86,
            "term_final_value": "True"
        }
    },
    {
        "model": "gsndb.grade",
        "pk": 121,
        "fields": {
            "student": 5,
            "course": 7,
            "calendar": 2,
            "program": 2,
            "period": 1,
            "entry_datetime": "2018-06-15 4:05:06",
            "grade": 0.54,
            "term_final_value": "True"
        }
    },
    {
        "model": "gsndb.grade",
        "pk": 122,
        "fields": {
            "student": 5,
            "course": 8,
            "calendar": 2,
            "program": 2,
            "period": 2,
            "entry_datetime": "2018-06-15 4:05:06",
            "grade": 0.86,
            "term_final_value": "True"
        }
    },
    {
        "model": "gsndb.grade",
        "pk": 123,
        "fields": {
            "student": 5,
            "course": 9,
            "calendar": 2,
            "program": 2,
            "period": 3,
            "entry_datetime": "2018-06-15 4:05:06",
            "grade": 0.57,
            "term_final_value": "True"
        }
    },
    {
        "model": "gsndb.grade",
        "pk": 124,
        "fields": {
            "student": 5,
            "course": 10,
            "calendar": 2,
            "program": 2,
            "period": 4,
            "entry_datetime": "2018-06-15 4:05:06",
            "grade": 0.91,
            "term_final_value": "True"
        }
    },
    {
        "model": "gsndb.grade",
        "pk": 125,
        "fields": {
            "student": 5,
            "course": 11,
            "calendar": 2,
            "program": 2,
            "period": 5,
            "entry_datetime": "2018-06-15 4:05:06",
            "grade": 0.82,
            "term_final_value": "True"
        }
    },
    {
        "model": "gsndb.grade",
        "pk": 126,
        "fields": {
            "student": 5,
            "course": 12,
            "calendar": 2,
            "program": 2,
            "period": 6,
            "entry_datetime": "2018-06-15 4:05:06",
            "grade": 0.72,
            "term_final_value": "True"
        }
    },
    {
        "model": "gsndb.grade",
        "pk": 127,
        "fields": {
            "student": 6,
            "course": 7,
            "calendar": 2,
            "program": 2,
            "period": 1,
            "entry_datetime": "2018-06-15 4:05:06",
            "grade": 0.94,
            "term_final_value": "True"
        }
    },
    {
        "model": "gsndb.grade",
        "pk": 128,
        "fields": {
            "student": 6,
            "course": 8,
            "calendar": 2,
            "program": 2,
            "period": 2,
            "entry_datetime": "2018-06-15 4:05:06",
            "grade": 0.69,
            "term_final_value": "True"
        }
    },
    {
        "model": "gsndb.grade",
        "pk": 129,
        "fields": {
            "student": 6,
            "course": 9,
            "calendar": 2,
            "program": 2,
            "period": 3,
            "entry_datetime": "2018-06-15 4:05:06",
            "grade": 0.92,
            "term_final_value": "True"
        }
    },
    {
        "model": "gsndb.grade",
        "pk": 130,
        "fields": {
            "student": 6,
            "course": 10,
            "calendar": 2,
            "program": 2,
            "period": 4,
            "entry_datetime": "2018-06-15 4:05:06",
            "grade": 0.51,
            "term_final_value": "True"
        }
    },
    {
        "model": "gsndb.grade",
        "pk": 131,
        "fields": {
            "student": 6,
            "course": 11,
            "calendar": 2,
            "program": 2,
            "period": 5,
            "entry_datetime": "2018-06-15 4:05:06",
            "grade": 0.62,
            "term_final_value": "True"
        }
    },
    {
        "model": "gsndb.grade",
        "pk": 132,
        "fields": {
            "student": 6,
            "course": 12,
            "calendar": 2,
            "program": 2,
            "period": 6,
            "entry_datetime": "2018-06-15 4:05:06",
            "grade": 0.95,
            "term_final_value": "True"
        }
    },
    {
        "model": "gsndb.grade",
        "pk": 133,
        "fields": {
            "student": 7,
            "course": 7,
            "calendar": 2,
            "program": 2,
            "period": 1,
            "entry_datetime": "2018-06-15 4:05:06",
            "grade": 0.9,
            "term_final_value": "True"
        }
    },
    {
        "model": "gsndb.grade",
        "pk": 134,
        "fields": {
            "student": 7,
            "course": 8,
            "calendar": 2,
            "program": 2,
            "period": 2,
            "entry_datetime": "2018-06-15 4:05:06",
            "grade": 0.56,
            "term_final_value": "True"
        }
    },
    {
        "model": "gsndb.grade",
        "pk": 135,
        "fields": {
            "student": 7,
            "course": 9,
            "calendar": 2,
            "program": 2,
            "period": 3,
            "entry_datetime": "2018-06-15 4:05:06",
            "grade": 0.86,
            "term_final_value": "True"
        }
    },
    {
        "model": "gsndb.grade",
        "pk": 136,
        "fields": {
            "student": 7,
            "course": 10,
            "calendar": 2,
            "program": 2,
            "period": 4,
            "entry_datetime": "2018-06-15 4:05:06",
            "grade": 0.88,
            "term_final_value": "True"
        }
    },
    {
        "model": "gsndb.grade",
        "pk": 137,
        "fields": {
            "student": 7,
            "course": 11,
            "calendar": 2,
            "program": 2,
            "period": 5,
            "entry_datetime": "2018-06-15 4:05:06",
            "grade": 0.98,
            "term_final_value": "True"
        }
    },
    {
        "model": "gsndb.grade",
        "pk": 138,
        "fields": {
            "student": 7,
            "course": 12,
            "calendar": 2,
            "program": 2,
            "period": 6,
            "entry_datetime": "2018-06-15 4:05:06",
            "grade": 0.89,
            "term_final_value": "True"
        }
    },
    {
        "model": "gsndb.grade",
        "pk": 139,
        "fields": {
            "student": 8,
            "course": 7,
            "calendar": 2,
            "program": 2,
            "period": 1,
            "entry_datetime": "2018-06-15 4:05:06",
            "grade": 0.63,
            "term_final_value": "True"
        }
    },
    {
        "model": "gsndb.grade",
        "pk": 140,
        "fields": {
            "student": 8,
            "course": 8,
            "calendar": 2,
            "program": 2,
            "period": 2,
            "entry_datetime": "2018-06-15 4:05:06",
            "grade": 0.97,
            "term_final_value": "True"
        }
    },
    {
        "model": "gsndb.grade",
        "pk": 141,
        "fields": {
            "student": 8,
            "course": 9,
            "calendar": 2,
            "program": 2,
            "period": 3,
            "entry_datetime": "2018-06-15 4:05:06",
            "grade": 0.94,
            "term_final_value": "True"
        }
    },
    {
        "model": "gsndb.grade",
        "pk": 142,
        "fields": {
            "student": 8,
            "course": 10,
            "calendar": 2,
            "program": 2,
            "period": 4,
            "entry_datetime": "2018-06-15 4:05:06",
            "grade": 0.63,
            "term_final_value": "True"
        }
    },
    {
        "model": "gsndb.grade",
        "pk": 143,
        "fields": {
            "student": 8,
            "course": 11,
            "calendar": 2,
            "program": 2,
            "period": 5,
            "entry_datetime": "2018-06-15 4:05:06",
            "grade": 0.93,
            "term_final_value": "True"
        }
    },
    {
        "model": "gsndb.grade",
        "pk": 144,
        "fields": {
            "student": 8,
            "course": 12,
            "calendar": 2,
            "program": 2,
            "period": 6,
            "entry_datetime": "2018-06-15 4:05:06",
            "grade": 0.86,
            "term_final_value": "True"
        }
    },
    {
        "model": "gsndb.grade",
        "pk": 145,
        "fields": {
            "student": 1,
            "course": 1,
            "calendar": 1,
            "program": 1,
            "period": 1,
            "entry_datetime": "2017-12-20 4:05:06",
            "grade": 0.54,
            "term_final_value": "True"
        }
    },
    {
        "model": "gsndb.grade",
        "pk": 146,
        "fields": {
            "student": 1,
            "course": 2,
            "calendar": 1,
            "program": 1,
            "period": 2,
            "entry_datetime": "2017-12-20 4:05:06",
            "grade": 0.73,
            "term_final_value": "True"
        }
    },
    {
        "model": "gsndb.grade",
        "pk": 147,
        "fields": {
            "student": 1,
            "course": 3,
            "calendar": 1,
            "program": 1,
            "period": 3,
            "entry_datetime": "2017-12-20 4:05:06",
            "grade": 0.96,
            "term_final_value": "True"
        }
    },
    {
        "model": "gsndb.grade",
        "pk": 148,
        "fields": {
            "student": 1,
            "course": 4,
            "calendar": 1,
            "program": 1,
            "period": 4,
            "entry_datetime": "2017-12-20 4:05:06",
            "grade": 0.6,
            "term_final_value": "True"
        }
    },
    {
        "model": "gsndb.grade",
        "pk": 149,
        "fields": {
            "student": 1,
            "course": 5,
            "calendar": 1,
            "program": 1,
            "period": 5,
            "entry_datetime": "2017-12-20 4:05:06",
            "grade": 0.76,
            "term_final_value": "True"
        }
    },
    {
        "model": "gsndb.grade",
        "pk": 150,
        "fields": {
            "student": 1,
            "course": 6,
            "calendar": 1,
            "program": 1,
            "period": 6,
            "entry_datetime": "2017-12-20 4:05:06",
            "grade": 0.61,
            "term_final_value": "True"
        }
    },
    {
        "model": "gsndb.grade",
        "pk": 151,
        "fields": {
            "student": 2,
            "course": 1,
            "calendar": 1,
            "program": 1,
            "period": 1,
            "entry_datetime": "2017-12-20 4:05:06",
            "grade": 0.81,
            "term_final_value": "True"
        }
    },
    {
        "model": "gsndb.grade",
        "pk": 152,
        "fields": {
            "student": 2,
            "course": 2,
            "calendar": 1,
            "program": 1,
            "period": 2,
            "entry_datetime": "2017-12-20 4:05:06",
            "grade": 0.76,
            "term_final_value": "True"
        }
    },
    {
        "model": "gsndb.grade",
        "pk": 153,
        "fields": {
            "student": 2,
            "course": 3,
            "calendar": 1,
            "program": 1,
            "period": 3,
            "entry_datetime": "2017-12-20 4:05:06",
            "grade": 0.9,
            "term_final_value": "True"
        }
    },
    {
        "model": "gsndb.grade",
        "pk": 154,
        "fields": {
            "student": 2,
            "course": 4,
            "calendar": 1,
            "program": 1,
            "period": 4,
            "entry_datetime": "2017-12-20 4:05:06",
            "grade": 0.81,
            "term_final_value": "True"
        }
    },
    {
        "model": "gsndb.grade",
        "pk": 155,
        "fields": {
            "student": 2,
            "course": 5,
            "calendar": 1,
            "program": 1,
            "period": 5,
            "entry_datetime": "2017-12-20 4:05:06",
            "grade": 0.99,
            "term_final_value": "True"
        }
    },
    {
        "model": "gsndb.grade",
        "pk": 156,
        "fields": {
            "student": 2,
            "course": 6,
            "calendar": 1,
            "program": 1,
            "period": 6,
            "entry_datetime": "2017-12-20 4:05:06",
            "grade": 0.91,
            "term_final_value": "True"
        }
    },
    {
        "model": "gsndb.grade",
        "pk": 157,
        "fields": {
            "student": 3,
            "course": 1,
            "calendar": 1,
            "program": 1,
            "period": 1,
            "entry_datetime": "2017-12-20 4:05:06",
            "grade": 0.76,
            "term_final_value": "True"
        }
    },
    {
        "model": "gsndb.grade",
        "pk": 158,
        "fields": {
            "student": 3,
            "course": 2,
            "calendar": 1,
            "program": 1,
            "period": 2,
            "entry_datetime": "2017-12-20 4:05:06",
            "grade": 0.77,
            "term_final_value": "True"
        }
    },
    {
        "model": "gsndb.grade",
        "pk": 159,
        "fields": {
            "student": 3,
            "course": 3,
            "calendar": 1,
            "program": 1,
            "period": 3,
            "entry_datetime": "2017-12-20 4:05:06",
            "grade": 0.6,
            "term_final_value": "True"
        }
    },
    {
        "model": "gsndb.grade",
        "pk": 160,
        "fields": {
            "student": 3,
            "course": 4,
            "calendar": 1,
            "program": 1,
            "period": 4,
            "entry_datetime": "2017-12-20 4:05:06",
            "grade": 0.79,
            "term_final_value": "True"
        }
    },
    {
        "model": "gsndb.grade",
        "pk": 161,
        "fields": {
            "student": 3,
            "course": 5,
            "calendar": 1,
            "program": 1,
            "period": 5,
            "entry_datetime": "2017-12-20 4:05:06",
            "grade": 0.59,
            "term_final_value": "True"
        }
    },
    {
        "model": "gsndb.grade",
        "pk": 162,
        "fields": {
            "student": 3,
            "course": 6,
            "calendar": 1,
            "program": 1,
            "period": 6,
            "entry_datetime": "2017-12-20 4:05:06",
            "grade": 0.76,
            "term_final_value": "True"
        }
    },
    {
        "model": "gsndb.grade",
        "pk": 163,
        "fields": {
            "student": 4,
            "course": 1,
            "calendar": 1,
            "program": 1,
            "period": 1,
            "entry_datetime": "2017-12-20 4:05:06",
            "grade": 0.55,
            "term_final_value": "True"
        }
    },
    {
        "model": "gsndb.grade",
        "pk": 164,
        "fields": {
            "student": 4,
            "course": 2,
            "calendar": 1,
            "program": 1,
            "period": 2,
            "entry_datetime": "2017-12-20 4:05:06",
            "grade": 0.94,
            "term_final_value": "True"
        }
    },
    {
        "model": "gsndb.grade",
        "pk": 165,
        "fields": {
            "student": 4,
            "course": 3,
            "calendar": 1,
            "program": 1,
            "period": 3,
            "entry_datetime": "2017-12-20 4:05:06",
            "grade": 1.0,
            "term_final_value": "True"
        }
    },
    {
        "model": "gsndb.grade",
        "pk": 166,
        "fields": {
            "student": 4,
            "course": 4,
            "calendar": 1,
            "program": 1,
            "period": 4,
            "entry_datetime": "2017-12-20 4:05:06",
            "grade": 0.72,
            "term_final_value": "True"
        }
    },
    {
        "model": "gsndb.grade",
        "pk": 167,
        "fields": {
            "student": 4,
            "course": 5,
            "calendar": 1,
            "program": 1,
            "period": 5,
            "entry_datetime": "2017-12-20 4:05:06",
            "grade": 0.55,
            "term_final_value": "True"
        }
    },
    {
        "model": "gsndb.grade",
        "pk": 168,
        "fields": {
            "student": 4,
            "course": 6,
            "calendar": 1,
            "program": 1,
            "period": 6,
            "entry_datetime": "2017-12-20 4:05:06",
            "grade": 0.65,
            "term_final_value": "True"
        }
    },
    {
        "model": "gsndb.grade",
        "pk": 169,
        "fields": {
            "student": 5,
            "course": 7,
            "calendar": 1,
            "program": 2,
            "period": 1,
            "entry_datetime": "2017-12-20 4:05:06",
            "grade": 0.83,
            "term_final_value": "True"
        }
    },
    {
        "model": "gsndb.grade",
        "pk": 170,
        "fields": {
            "student": 5,
            "course": 8,
            "calendar": 1,
            "program": 2,
            "period": 2,
            "entry_datetime": "2017-12-20 4:05:06",
            "grade": 0.94,
            "term_final_value": "True"
        }
    },
    {
        "model": "gsndb.grade",
        "pk": 171,
        "fields": {
            "student": 5,
            "course": 9,
            "calendar": 1,
            "program": 2,
            "period": 3,
            "entry_datetime": "2017-12-20 4:05:06",
            "grade": 0.66,
            "term_final_value": "True"
        }
    },
    {
        "model": "gsndb.grade",
        "pk": 172,
        "fields": {
            "student": 5,
            "course": 10,
            "calendar": 1,
            "program": 2,
            "period": 4,
            "entry_datetime": "2017-12-20 4:05:06",
            "grade": 0.92,
            "term_final_value": "True"
        }
    },
    {
        "model": "gsndb.grade",
        "pk": 173,
        "fields": {
            "student": 5,
            "course": 11,
            "calendar": 1,
            "program": 2,
            "period": 5,
            "entry_datetime": "2017-12-20 4:05:06",
            "grade": 0.53,
            "term_final_value": "True"
        }
    },
    {
        "model": "gsndb.grade",
        "pk": 174,
        "fields": {
            "student": 5,
            "course": 12,
            "calendar": 1,
            "program": 2,
            "period": 6,
            "entry_datetime": "2017-12-20 4:05:06",
            "grade": 0.82,
            "term_final_value": "True"
        }
    },
    {
        "model": "gsndb.grade",
        "pk": 175,
        "fields": {
            "student": 6,
            "course": 7,
            "calendar": 1,
            "program": 2,
            "period": 1,
            "entry_datetime": "2017-12-20 4:05:06",
            "grade": 0.94,
            "term_final_value": "True"
        }
    },
    {
        "model": "gsndb.grade",
        "pk": 176,
        "fields": {
            "student": 6,
            "course": 8,
            "calendar": 1,
            "program": 2,
            "period": 2,
            "entry_datetime": "2017-12-20 4:05:06",
            "grade": 0.81,
            "term_final_value": "True"
        }
    },
    {
        "model": "gsndb.grade",
        "pk": 177,
        "fields": {
            "student": 6,
            "course": 9,
            "calendar": 1,
            "program": 2,
            "period": 3,
            "entry_datetime": "2017-12-20 4:05:06",
            "grade": 0.75,
            "term_final_value": "True"
        }
    },
    {
        "model": "gsndb.grade",
        "pk": 178,
        "fields": {
            "student": 6,
            "course": 10,
            "calendar": 1,
            "program": 2,
            "period": 4,
            "entry_datetime": "2017-12-20 4:05:06",
            "grade": 0.85,
            "term_final_value": "True"
        }
    },
    {
        "model": "gsndb.grade",
        "pk": 179,
        "fields": {
            "student": 6,
            "course": 11,
            "calendar": 1,
            "program": 2,
            "period": 5,
            "entry_datetime": "2017-12-20 4:05:06",
            "grade": 0.97,
            "term_final_value": "True"
        }
    },
    {
        "model": "gsndb.grade",
        "pk": 180,
        "fields": {
            "student": 6,
            "course": 12,
            "calendar": 1,
            "program": 2,
            "period": 6,
            "entry_datetime": "2017-12-20 4:05:06",
            "grade": 0.75,
            "term_final_value": "True"
        }
    },
    {
        "model": "gsndb.grade",
        "pk": 181,
        "fields": {
            "student": 7,
            "course": 7,
            "calendar": 1,
            "program": 2,
            "period": 1,
            "entry_datetime": "2017-12-20 4:05:06",
            "grade": 0.67,
            "term_final_value": "True"
        }
    },
    {
        "model": "gsndb.grade",
        "pk": 182,
        "fields": {
            "student": 7,
            "course": 8,
            "calendar": 1,
            "program": 2,
            "period": 2,
            "entry_datetime": "2017-12-20 4:05:06",
            "grade": 0.72,
            "term_final_value": "True"
        }
    },
    {
        "model": "gsndb.grade",
        "pk": 183,
        "fields": {
            "student": 7,
            "course": 9,
            "calendar": 1,
            "program": 2,
            "period": 3,
            "entry_datetime": "2017-12-20 4:05:06",
            "grade": 0.87,
            "term_final_value": "True"
        }
    },
    {
        "model": "gsndb.grade",
        "pk": 184,
        "fields": {
            "student": 7,
            "course": 10,
            "calendar": 1,
            "program": 2,
            "period": 4,
            "entry_datetime": "2017-12-20 4:05:06",
            "grade": 0.73,
            "term_final_value": "True"
        }
    },
    {
        "model": "gsndb.grade",
        "pk": 185,
        "fields": {
            "student": 7,
            "course": 11,
            "calendar": 1,
            "program": 2,
            "period": 5,
            "entry_datetime": "2017-12-20 4:05:06",
            "grade": 0.77,
            "term_final_value": "True"
        }
    },
    {
        "model": "gsndb.grade",
        "pk": 186,
        "fields": {
            "student": 7,
            "course": 12,
            "calendar": 1,
            "program": 2,
            "period": 6,
            "entry_datetime": "2017-12-20 4:05:06",
            "grade": 0.75,
            "term_final_value": "True"
        }
    },
    {
        "model": "gsndb.grade",
        "pk": 187,
        "fields": {
            "student": 8,
            "course": 7,
            "calendar": 1,
            "program": 2,
            "period": 1,
            "entry_datetime": "2017-12-20 4:05:06",
            "grade": 0.87,
            "term_final_value": "True"
        }
    },
    {
        "model": "gsndb.grade",
        "pk": 188,
        "fields": {
            "student": 8,
            "course": 8,
            "calendar": 1,
            "program": 2,
            "period": 2,
            "entry_datetime": "2017-12-20 4:05:06",
            "grade": 0.54,
            "term_final_value": "True"
        }
    },
    {
        "model": "gsndb.grade",
        "pk": 189,
        "fields": {
            "student": 8,
            "course": 9,
            "calendar": 1,
            "program": 2,
            "period": 3,
            "entry_datetime": "2017-12-20 4:05:06",
            "grade": 0.76,
            "term_final_value": "True"
        }
    },
    {
        "model": "gsndb.grade",
        "pk": 190,
        "fields": {
            "student": 8,
            "course": 10,
            "calendar": 1,
            "program": 2,
            "period": 4,
            "entry_datetime": "2017-12-20 4:05:06",
            "grade": 0.75,
            "term_final_value": "True"
        }
    },
    {
        "model": "gsndb.grade",
        "pk": 191,
        "fields": {
            "student": 8,
            "course": 11,
            "calendar": 1,
            "program": 2,
            "period": 5,
            "entry_datetime": "2017-12-20 4:05:06",
            "grade": 0.5,
            "term_final_value": "True"
        }
    },
    {
        "model": "gsndb.grade",
        "pk": 192,
        "fields": {
            "student": 8,
            "course": 12,
            "calendar": 1,
            "program": 2,
            "period": 6,
            "entry_datetime": "2017-12-20 4:05:06",
            "grade": 0.96,
            "term_final_value": "True"
        }
    },
    {
        "model": "gsndb.attendance",
        "pk": 1,
        "fields": {
            "student": 1,
            "school": 1,
            "program": 1,
            "entry_datetime": "2018-09-01 4:05:06",
            "calendar": 3,
            "total_unexabs": 4,
            "total_exabs": 1,
            "total_tardies": 4,
            "avg_daily_attendance": 0.83,
            "term_final_value": "False"
        }
    },
    {
        "model": "gsndb.attendance",
        "pk": 2,
        "fields": {
            "student": 2,
            "school": 1,
            "program": 1,
            "entry_datetime": "2018-09-01 4:05:06",
            "calendar": 3,
            "total_unexabs": 5,
            "total_exabs": 0,
            "total_tardies": 0,
            "avg_daily_attendance": 0.83,
            "term_final_value": "False"
        }
    },
    {
        "model": "gsndb.attendance",
        "pk": 3,
        "fields": {
            "student": 3,
            "school": 2,
            "program": 1,
            "entry_datetime": "2018-09-01 4:05:06",
            "calendar": 3,
            "total_unexabs": 5,
            "total_exabs": 0,
            "total_tardies": 3,
            "avg_daily_attendance": 0.83,
            "term_final_value": "False"
        }
    },
    {
        "model": "gsndb.attendance",
        "pk": 4,
        "fields": {
            "student": 4,
            "school": 2,
            "program": 1,
            "entry_datetime": "2018-09-01 4:05:06",
            "calendar": 3,
            "total_unexabs": 5,
            "total_exabs": 0,
            "total_tardies": 2,
            "avg_daily_attendance": 0.83,
            "term_final_value": "False"
        }
    },
    {
        "model": "gsndb.attendance",
        "pk": 5,
        "fields": {
            "student": 5,
            "school": 1,
            "program": 2,
            "entry_datetime": "2018-09-01 4:05:06",
            "calendar": 3,
            "total_unexabs": 4,
            "total_exabs": 1,
            "total_tardies": 4,
            "avg_daily_attendance": 0.83,
            "term_final_value": "False"
        }
    },
    {
        "model": "gsndb.attendance",
        "pk": 6,
        "fields": {
            "student": 6,
            "school": 1,
            "program": 2,
            "entry_datetime": "2018-09-01 4:05:06",
            "calendar": 3,
            "total_unexabs": 2,
            "total_exabs": 4,
            "total_tardies": 4,
            "avg_daily_attendance": 0.8,
            "term_final_value": "False"
        }
    },
    {
        "model": "gsndb.attendance",
        "pk": 7,
        "fields": {
            "student": 7,
            "school": 2,
            "program": 2,
            "entry_datetime": "2018-09-01 4:05:06",
            "calendar": 3,
            "total_unexabs": 0,
            "total_exabs": 1,
            "total_tardies": 1,
            "avg_daily_attendance": 0.97,
            "term_final_value": "False"
        }
    },
    {
        "model": "gsndb.attendance",
        "pk": 8,
        "fields": {
            "student": 8,
            "school": 2,
            "program": 2,
            "entry_datetime": "2018-09-01 4:05:06",
            "calendar": 3,
            "total_unexabs": 0,
            "total_exabs": 4,
            "total_tardies": 1,
            "avg_daily_attendance": 0.87,
            "term_final_value": "False"
        }
    },
    {
        "model": "gsndb.attendance",
        "pk": 9,
        "fields": {
            "student": 1,
            "school": 1,
            "program": 1,
            "entry_datetime": "2018-10-01 4:05:06",
            "calendar": 3,
            "total_unexabs": 7,
            "total_exabs": 5,
            "total_tardies": 9,
            "avg_daily_attendance": 0.8,
            "term_final_value": "False"
        }
    },
    {
        "model": "gsndb.attendance",
        "pk": 10,
        "fields": {
            "student": 2,
            "school": 1,
            "program": 1,
            "entry_datetime": "2018-10-01 4:05:06",
            "calendar": 3,
            "total_unexabs": 7,
            "total_exabs": 6,
            "total_tardies": 3,
            "avg_daily_attendance": 0.78,
            "term_final_value": "False"
        }
    },
    {
        "model": "gsndb.attendance",
        "pk": 11,
        "fields": {
            "student": 3,
            "school": 2,
            "program": 1,
            "entry_datetime": "2018-10-01 4:05:06",
            "calendar": 3,
            "total_unexabs": 5,
            "total_exabs": 2,
            "total_tardies": 5,
            "avg_daily_attendance": 0.88,
            "term_final_value": "False"
        }
    },
    {
        "model": "gsndb.attendance",
        "pk": 12,
        "fields": {
            "student": 4,
            "school": 2,
            "program": 1,
            "entry_datetime": "2018-10-01 4:05:06",
            "calendar": 3,
            "total_unexabs": 8,
            "total_exabs": 10,
            "total_tardies": 8,
            "avg_daily_attendance": 0.7,
            "term_final_value": "False"
        }
    },
    {
        "model": "gsndb.attendance",
        "pk": 13,
        "fields": {
            "student": 5,
            "school": 1,
            "program": 2,
            "entry_datetime": "2018-10-01 4:05:06",
            "calendar": 3,
            "total_unexabs": 8,
            "total_exabs": 3,
            "total_tardies": 4,
            "avg_daily_attendance": 0.82,
            "term_final_value": "False"
        }
    },
    {
        "model": "gsndb.attendance",
        "pk": 14,
        "fields": {
            "student": 6,
            "school": 1,
            "program": 2,
            "entry_datetime": "2018-10-01 4:05:06",
            "calendar": 3,
            "total_unexabs": 3,
            "total_exabs": 6,
            "total_tardies": 4,
            "avg_daily_attendance": 0.85,
            "term_final_value": "False"
        }
    },
    {
        "model": "gsndb.attendance",
        "pk": 15,
        "fields": {
            "student": 7,
            "school": 2,
            "program": 2,
            "entry_datetime": "2018-10-01 4:05:06",
            "calendar": 3,
            "total_unexabs": 3,
            "total_exabs": 4,
            "total_tardies": 4,
            "avg_daily_attendance": 0.88,
            "term_final_value": "False"
        }
    },
    {
        "model": "gsndb.attendance",
        "pk": 16,
        "fields": {
            "student": 8,
            "school": 2,
            "program": 2,
            "entry_datetime": "2018-10-01 4:05:06",
            "calendar": 3,
            "total_unexabs": 3,
            "total_exabs": 6,
            "total_tardies": 5,
            "avg_daily_attendance": 0.85,
            "term_final_value": "False"
        }
    },
    {
        "model": "gsndb.attendance",
        "pk": 17,
        "fields": {
            "student": 1,
            "school": 1,
            "program": 1,
            "entry_datetime": "2018-11-01 4:05:06",
            "calendar": 3,
            "total_unexabs": 15,
            "total_exabs": 7,
            "total_tardies": 15,
            "avg_daily_attendance": 0.76,
            "term_final_value": "False"
        }
    },
    {
        "model": "gsndb.attendance",
        "pk": 18,
        "fields": {
            "student": 2,
            "school": 1,
            "program": 1,
            "entry_datetime": "2018-11-01 4:05:06",
            "calendar": 3,
            "total_unexabs": 14,
            "total_exabs": 6,
            "total_tardies": 14,
            "avg_daily_attendance": 0.78,
            "term_final_value": "False"
        }
    },
    {
        "model": "gsndb.attendance",
        "pk": 19,
        "fields": {
            "student": 3,
            "school": 2,
            "program": 1,
            "entry_datetime": "2018-11-01 4:05:06",
            "calendar": 3,
            "total_unexabs": 7,
            "total_exabs": 9,
            "total_tardies": 5,
            "avg_daily_attendance": 0.82,
            "term_final_value": "False"
        }
    },
    {
        "model": "gsndb.attendance",
        "pk": 20,
        "fields": {
            "student": 4,
            "school": 2,
            "program": 1,
            "entry_datetime": "2018-11-01 4:05:06",
            "calendar": 3,
            "total_unexabs": 11,
            "total_exabs": 14,
            "total_tardies": 9,
            "avg_daily_attendance": 0.72,
            "term_final_value": "False"
        }
    },
    {
        "model": "gsndb.attendance",
        "pk": 21,
        "fields": {
            "student": 5,
            "school": 1,
            "program": 2,
            "entry_datetime": "2018-11-01 4:05:06",
            "calendar": 3,
            "total_unexabs": 11,
            "total_exabs": 14,
            "total_tardies": 8,
            "avg_daily_attendance": 0.72,
            "term_final_value": "False"
        }
    },
    {
        "model": "gsndb.attendance",
        "pk": 22,
        "fields": {
            "student": 6,
            "school": 1,
            "program": 2,
            "entry_datetime": "2018-11-01 4:05:06",
            "calendar": 3,
            "total_unexabs": 3,
            "total_exabs": 6,
            "total_tardies": 12,
            "avg_daily_attendance": 0.9,
            "term_final_value": "False"
        }
    },
    {
        "model": "gsndb.attendance",
        "pk": 23,
        "fields": {
            "student": 7,
            "school": 2,
            "program": 2,
            "entry_datetime": "2018-11-01 4:05:06",
            "calendar": 3,
            "total_unexabs": 8,
            "total_exabs": 12,
            "total_tardies": 7,
            "avg_daily_attendance": 0.78,
            "term_final_value": "False"
        }
    },
    {
        "model": "gsndb.attendance",
        "pk": 24,
        "fields": {
            "student": 8,
            "school": 2,
            "program": 2,
            "entry_datetime": "2018-11-01 4:05:06",
            "calendar": 3,
            "total_unexabs": 14,
            "total_exabs": 15,
            "total_tardies": 15,
            "avg_daily_attendance": 0.68,
            "term_final_value": "False"
        }
    },
    {
        "model": "gsndb.behavior",
        "pk": 1,
        "fields": {
            "student": 7,
            "school": 2,
            "calendar": 3,
            "program": 2,
            "course": 7,
            "period": 1,
            "behavior_SISID": 1,
            "incident_datetime": "2018-10-11 4:05:06",
            "context": "tried to beat up classmate who won game.",
            "incident_type_program": "fighting",
            "incident_result_program": "in school suspension",
            "incident_type_school": "violent/dangerous behavior",
            "incident_result_school": "in school suspension"
        }
    },
    {
        "model": "gsndb.behavior",
        "pk": 2,
        "fields": {
            "student": 6,
            "school": 2,
            "calendar": 2,
            "program": 2,
            "course": 7,
            "period": 1,
            "behavior_SISID": 2,
            "incident_datetime": "2018-04-12 4:05:06",
            "context": "used a racial slur.",
            "incident_type_program": "improper language",
            "incident_result_program": "office referral",
            "incident_type_school": "illicit language",
            "incident_result_school": "detention"
        }
    },
    {
        "model": "gsndb.behavior",
        "pk": 3,
        "fields": {
            "student": 5,
            "school": 1,
            "calendar": 3,
            "program": 2,
            "course": 1,
            "period": 1,
            "behavior_SISID": 3,
            "incident_datetime": "2018-09-01 4:05:06",
            "context": "running with scissors",
            "incident_type_program": "dangerous behavior",
            "incident_result_program": "office referral",
            "incident_type_school": "violent/dangerous behavior",
            "incident_result_school": "detention"
        }
    },
    {
        "model": "gsndb.behavior",
        "pk": 4,
        "fields": {
            "student": 1,
            "school": 1,
            "calendar": 2,
            "program": 1,
            "course": 1,
            "period": 1,
            "behavior_SISID": 4,
            "incident_datetime": "2018-03-19 4:05:06",
            "context": "ate lunch during math class.",
            "incident_type_program": "disobeying class rules",
            "incident_result_program": "office referral",
            "incident_type_school": "disobeying rules",
            "incident_result_school": "detention"
        }
    },
    {
        "model": "gsndb.behavior",
        "pk": 5,
        "fields": {
            "student": 6,
            "school": 1,
            "calendar": 3,
            "program": 2,
            "course": 1,
            "period": 1,
            "behavior_SISID": 5,
            "incident_datetime": "2018-11-30 4:05:06",
            "context": "wrestled with John.",
            "incident_type_program": "fighting",
            "incident_result_program": "in school suspension",
            "incident_type_school": "violent/dangerous behavior",
            "incident_result_school": "in school suspension"
        }
    },
    {
        "model": "gsndb.behavior",
        "pk": 6,
        "fields": {
            "student": 5,
            "school": 2,
            "calendar": 2,
            "program": 2,
            "course": 7,
            "period": 1,
            "behavior_SISID": 6,
            "incident_datetime": "2018-03-03 4:05:06",
            "context": "chewing gum in class",
            "incident_type_program": "disobeying class rules",
            "incident_result_program": "office referral",
            "incident_type_school": "disobeying rules",
            "incident_result_school": "detention"
        }
    },
    {
        "model": "gsndb.behavior",
        "pk": 7,
        "fields": {
            "student": 8,
            "school": 2,
            "calendar": 3,
            "program": 2,
            "course": 7,
            "period": 1,
            "behavior_SISID": 7,
            "incident_datetime": "2018-12-10 4:05:06",
            "context": "caught cheating",
            "incident_type_program": "disobeying class rules",
            "incident_result_program": "in school suspension",
            "incident_type_school": "disobeying rules",
            "incident_result_school": "in school suspension"
        }
    },
    {
        "model": "gsndb.behavior",
        "pk": 8,
        "fields": {
            "student": 1,
            "school": 1,
            "calendar": 2,
            "program": 1,
            "course": 1,
            "period": 1,
            "behavior_SISID": 8,
            "incident_datetime": "2018-01-13 4:05:06",
            "context": "punched classmate",
            "incident_type_program": "fighting",
            "incident_result_program": "out of school suspension",
            "incident_type_school": "violent/dangerous behavior",
            "incident_result_school": "out of school suspension"
        }
    },
    {
        "model": "gsndb.behavior",
        "pk": 9,
        "fields": {
            "student": 6,
            "school": 1,
            "calendar": 3,
            "program": 2,
            "course": 1,
            "period": 1,
            "behavior_SISID": 9,
            "incident_datetime": "2018-09-20 4:05:06",
            "context": "scream curse words on playground",
            "incident_type_program": "improper language",
            "incident_result_program": "office referral",
            "incident_type_school": "illicit language",
            "incident_result_school": "detention"
        }
    },
    {
        "model": "gsndb.behavior",
        "pk": 10,
        "fields": {
            "student": 5,
            "school": 2,
            "calendar": 2,
            "program": 2,
            "course": 7,
            "period": 1,
            "behavior_SISID": 10,
            "incident_datetime": "2018-05-05 4:05:06",
            "context": "told teacher to shut up",
            "incident_type_program": "disrespecting authority figure",
            "incident_result_program": "office referral",
            "incident_type_school": "disrespectful behavior",
            "incident_result_school": "detention"
        }
    },
    {
        "model": "gsndb.behavior",
        "pk": 11,
        "fields": {
            "student": 8,
            "school": 2,
            "calendar": 3,
            "program": 2,
            "course": 7,
            "period": 1,
            "behavior_SISID": 11,
            "incident_datetime": "2018-12-25 4:05:06",
            "context": "smoking cigarrettes",
            "incident_type_program": "substance abuse",
            "incident_result_program": "office referral",
            "incident_type_school": "tobacco violation",
            "incident_result_school": "detention"
        }
    },
    {
        "model": "gsndb.behavior",
        "pk": 12,
        "fields": {
            "student": 2,
            "school": 1,
            "calendar": 2,
            "program": 1,
            "course": 1,
            "period": 1,
            "behavior_SISID": 12,
            "incident_datetime": "2018-05-01 4:05:06",
            "context": "jumped from rooftop",
            "incident_type_program": "dangerous behavior",
            "incident_result_program": "expulsion",
            "incident_type_school": "violent/dangerous behavior",
            "incident_result_school": "expulsion"
        }
    },
    {
        "model": "gsndb.referral",
        "pk": 1,
        "fields": {
            "user": 2,
            "student": 3,
            "program": 1,
            "type": "MTL",
            "date_given": "2018-10-01",
            "reference_name": "Family Therapists LLC",
            "reference_phone": "3034459898",
            "reference_address": "455 Hill St. Denver, CO 80206",
            "reason": "Student's mother and father are going through a divorce."
        }
    },
    {
        "model": "gsndb.referral",
        "pk": 2,
        "fields": {
            "user": 1,
            "student": 4,
            "program": 1,
            "type": "WFC",
            "date_given": "2018-11-06",
            "reference_name": "Employment Now LLC",
            "reference_phone": "4457891010",
            "reference_address": "556 Clawden Ave. Denver, CO 80203",
            "reason": "The student's mother wants them to get a job."
        }
    },
    {
        "model": "gsndb.bookmark",
        "pk": 1,
        "fields": {
            "user":1,
            "created":"2019-04-24",
            "url":"www.wovenpear.com",
            "json_request_data":"x"
        }
    },
    {
        "model": "gsndb.bookmark",
        "pk": 2,
        "fields": {
            "user":2,
            "created":"2019-02-24",
            "url":"www.denver.org",
            "json_request_data":"y"
        }
    }

]
