[
  {
    "model": "gsndb.district",
    "pk": 1,
    "fields": {
      "district_state": "CO",
      "district_city": "Conejos",
      "district_code": "R30"
    }
  },
  {
    "model": "gsndb.district",
    "pk": 2,
    "fields": {
      "district_state": "CO",
      "district_city": "Mosca",
      "district_code": "Re-22"
    }
  },
  {
    "model": "gsndb.school",
    "pk": 1,
    "fields": {
      "school_name": "Sierra Grande El",
      "district": 1
    }
  },
  {
    "model": "gsndb.school",
    "pk": 2,
    "fields": {
      "school_name": "Sangre de Cristo",
      "district": 2
    }
  },
  {
    "model": "gsndb.student",
    "pk": 1,
    "fields": {
      "student_first_name": "Van",
      "student_last_name": "Baker",
      "student_gender": "M",
      "student_birth_date": "2007-01-23",
      "student_state_id": 42153791
    }
  },
  {
    "model": "gsndb.student",
    "pk": 2,
    "fields": {
      "student_first_name": "Alexander",
      "student_last_name": "Glover",
      "student_gender": "M",
      "student_birth_date": "2009-04-20",
      "student_state_id": 31685942
    }
  },
  {
    "model": "gsndb.student",
    "pk": 3,
    "fields": {
      "student_first_name": "Cloe",
      "student_last_name": "White Thomas",
      "student_gender": "F",
      "student_birth_date": "2008-07-04",
      "student_state_id": 35910290
    }
  },
  {
    "model": "gsndb.student",
    "pk": 4,
    "fields": {
      "student_first_name": "Skylar",
      "student_last_name": "Marheine",
      "student_gender": "F",
      "student_birth_date": "2010-06-17",
      "student_state_id": 74934173
    }
  },
  {
    "model": "gsndb.student",
    "pk": 5,
    "fields": {
      "student_first_name": "Katherine",
      "student_last_name": "McBee",
      "student_gender": "F",
      "student_birth_date": "2009-03-09",
      "student_state_id": 16731338
    }
  },
  {
    "model": "gsndb.student",
    "pk": 6,
    "fields": {
      "student_first_name": "Quincy",
      "student_last_name": "Trujillo",
      "student_gender": "M",
      "student_birth_date": "2008-08-30",
      "student_state_id": 78293412
    }
  },
  {
    "model": "gsndb.student",
    "pk": 7,
    "fields": {
      "student_first_name": "Jonathon",
      "student_last_name": "Garcia",
      "student_gender": "M",
      "student_birth_date": "2005-12-12",
      "student_state_id": 71879511
    }
  },
  {
    "model": "gsndb.student",
    "pk": 8,
    "fields": {
      "student_first_name": "Jillian",
      "student_last_name": "Bailey",
      "student_gender": "F",
      "student_birth_date": "2010-10-31",
      "student_state_id": 82885563
    }
  },
  {
    "model": "gsndb.course",
    "pk": 1,
    "fields": {
      "school": 1,
      "course_name": "arithmetic",
      "course_subject": "MTH"
    }
  },
  {
    "model": "gsndb.course",
    "pk": 2,
    "fields": {
      "school": 1,
      "course_name": "literature",
      "course_subject": "ENG"
    }
  },
  {
    "model": "gsndb.course",
    "pk": 3,
    "fields": {
      "school": 1,
      "course_name": "character building",
      "course_subject": "ENG"
    }
  },
  {
    "model": "gsndb.course",
    "pk": 4,
    "fields": {
      "school": 1,
      "course_name": "chemistry",
      "course_subject": "SNC"
    }
  },
  {
    "model": "gsndb.course",
    "pk": 5,
    "fields": {
      "school": 1,
      "course_name": "grammar",
      "course_subject": "ENG"
    }
  },
  {
    "model": "gsndb.course",
    "pk": 6,
    "fields": {
      "school": 1,
      "course_name": "world history",
      "course_subject": "SCS"
    }
  },
  {
    "model": "gsndb.course",
    "pk": 7,
    "fields": {
      "school": 2,
      "course_name": "multiplication",
      "course_subject": "MTH"
    }
  },
  {
    "model": "gsndb.course",
    "pk": 8,
    "fields": {
      "school": 2,
      "course_name": "comprehension",
      "course_subject": "ENG"
    }
  },
  {
    "model": "gsndb.course",
    "pk": 9,
    "fields": {
      "school": 2,
      "course_name": "short stories",
      "course_subject": "ENG"
    }
  },
  {
    "model": "gsndb.course",
    "pk": 10,
    "fields": {
      "school": 2,
      "course_name": "physics",
      "course_subject": "SNC"
    }
  },
  {
    "model": "gsndb.course",
    "pk": 11,
    "fields": {
      "school": 2,
      "course_name": "conjugations",
      "course_subject": "ENG"
    }
  },
  {
    "model": "gsndb.course",
    "pk": 12,
    "fields": {
      "school": 2,
      "course_name": "us history",
      "course_subject": "SCS"
    }
  },
  {
    "model": "gsndb.studentsnap",
    "pk": 1,
    "fields": {
      "school": 1,
      "student": 1,
      "student_grade_placement": 6,
      "student_attendance_term": "FLL"
    }
  },
  {
    "model": "gsndb.studentsnap",
    "pk": 2,
    "fields": {
      "school": 1,
      "student": 2,
      "student_grade_placement": 4,
      "student_attendance_term": "FLL"
    }
  },
  {
    "model": "gsndb.studentsnap",
    "pk": 3,
    "fields": {
      "school": 2,
      "student": 3,
      "student_grade_placement": 5,
      "student_attendance_term": "FLL"
    }
  },
  {
    "model": "gsndb.studentsnap",
    "pk": 4,
    "fields": {
      "school": 2,
      "student": 4,
      "student_grade_placement": 3,
      "student_attendance_term": "FLL"
    }
  },
  {
    "model": "gsndb.studentsnap",
    "pk": 5,
    "fields": {
      "school": 1,
      "student": 5,
      "student_grade_placement": 4,
      "student_attendance_term": "FLL"
    }
  },
  {
    "model": "gsndb.studentsnap",
    "pk": 6,
    "fields": {
      "school": 1,
      "student": 6,
      "student_grade_placement": 5,
      "student_attendance_term": "FLL"
    }
  },
  {
    "model": "gsndb.studentsnap",
    "pk": 7,
    "fields": {
      "school": 2,
      "student": 7,
      "student_grade_placement": 8,
      "student_attendance_term": "FLL"
    }
  },
  {
    "model": "gsndb.studentsnap",
    "pk": 8,
    "fields": {
      "school": 2,
      "student": 8,
      "student_grade_placement": 3,
      "student_attendance_term": "FLL"
    }
  },
  {
    "model": "gsndb.studentsnap",
    "pk": 9,
    "fields": {
      "school": 1,
      "student": 1,
      "student_grade_placement": 5,
      "student_attendance_term": "SPR"
    }
  },
  {
    "model": "gsndb.studentsnap",
    "pk": 10,
    "fields": {
      "school": 1,
      "student": 2,
      "student_grade_placement": 3,
      "student_attendance_term": "SPR"
    }
  },
  {
    "model": "gsndb.studentsnap",
    "pk": 11,
    "fields": {
      "school": 1,
      "student": 3,
      "student_grade_placement": 4,
      "student_attendance_term": "SPR"
    }
  },
  {
    "model": "gsndb.studentsnap",
    "pk": 12,
    "fields": {
      "school": 1,
      "student": 4,
      "student_grade_placement": 2,
      "student_attendance_term": "SPR"
    }
  },
  {
    "model": "gsndb.studentsnap",
    "pk": 13,
    "fields": {
      "school": 2,
      "student": 5,
      "student_grade_placement": 3,
      "student_attendance_term": "SPR"
    }
  },
  {
    "model": "gsndb.studentsnap",
    "pk": 14,
    "fields": {
      "school": 2,
      "student": 6,
      "student_grade_placement": 4,
      "student_attendance_term": "SPR"
    }
  },
  {
    "model": "gsndb.studentsnap",
    "pk": 15,
    "fields": {
      "school": 2,
      "student": 7,
      "student_grade_placement": 7,
      "student_attendance_term": "SPR"
    }
  },
  {
    "model": "gsndb.studentsnap",
    "pk": 16,
    "fields": {
      "school": 2,
      "student": 8,
      "student_grade_placement": 2,
      "student_attendance_term": "SPR"
    }
  },
  {
    "model": "gsndb.studentsnap",
    "pk": 17,
    "fields": {
      "school": 1,
      "student": 1,
      "student_grade_placement": 5,
      "student_attendance_term": "FLL"
    }
  },
  {
    "model": "gsndb.studentsnap",
    "pk": 18,
    "fields": {
      "school": 1,
      "student": 2,
      "student_grade_placement": 3,
      "student_attendance_term": "FLL"
    }
  },
  {
    "model": "gsndb.studentsnap",
    "pk": 19,
    "fields": {
      "school": 1,
      "student": 3,
      "student_grade_placement": 4,
      "student_attendance_term": "FLL"
    }
  },
  {
    "model": "gsndb.studentsnap",
    "pk": 20,
    "fields": {
      "school": 1,
      "student": 4,
      "student_grade_placement": 2,
      "student_attendance_term": "FLL"
    }
  },
  {
    "model": "gsndb.studentsnap",
    "pk": 21,
    "fields": {
      "school": 2,
      "student": 5,
      "student_grade_placement": 3,
      "student_attendance_term": "FLL"
    }
  },
  {
    "model": "gsndb.studentsnap",
    "pk": 22,
    "fields": {
      "school": 2,
      "student": 6,
      "student_grade_placement": 4,
      "student_attendance_term": "FLL"
    }
  },
  {
    "model": "gsndb.studentsnap",
    "pk": 23,
    "fields": {
      "school": 2,
      "student": 7,
      "student_grade_placement": 7,
      "student_attendance_term": "FLL"
    }
  },
  {
    "model": "gsndb.studentsnap",
    "pk": 24,
    "fields": {
      "school": 2,
      "student": 8,
      "student_grade_placement": 2,
      "student_attendance_term": "FLL"
    }
  },
  {
    "model": "gsndb.grade",
    "pk": 1,
    "fields": {
       "student_snap": 1,
       "course": 1,
       "grade_data_entry_time": "2018-10-01 4:05:06",
       "grade_scale": 4,
       "grade_metric": 4,
       "grade_is_final": "False"
     }
  },
  {
    "model": "gsndb.grade",
    "pk": 2,
    "fields": {
       "student_snap": 1,
       "course": 2,
       "grade_data_entry_time": "2018-10-01 4:05:06",
       "grade_scale": 4,
       "grade_metric": 4,
       "grade_is_final": "False"
     }
  },
  {
    "model": "gsndb.grade",
    "pk": 3,
    "fields": {
       "student_snap": 1,
       "course": 3,
       "grade_data_entry_time": "2018-10-01 4:05:06",
       "grade_scale": 4,
       "grade_metric": 2,
       "grade_is_final": "False"
     }
  },
  {
    "model": "gsndb.grade",
    "pk": 4,
    "fields": {
       "student_snap": 1,
       "course": 4,
       "grade_data_entry_time": "2018-10-01 4:05:06",
       "grade_scale": 4,
       "grade_metric": 0,
       "grade_is_final": "False"
     }
  },
  {
    "model": "gsndb.grade",
    "pk": 5,
    "fields": {
       "student_snap": 1,
       "course": 5,
       "grade_data_entry_time": "2018-10-01 4:05:06",
       "grade_scale": 4,
       "grade_metric": 1,
       "grade_is_final": "False"
     }
  },
  {
    "model": "gsndb.grade",
    "pk": 6,
    "fields": {
       "student_snap": 1,
       "course": 6,
       "grade_data_entry_time": "2018-10-01 4:05:06",
       "grade_scale": 4,
       "grade_metric": 4,
       "grade_is_final": "False"
     }
  },
  {
    "model": "gsndb.grade",
    "pk": 7,
    "fields": {
       "student_snap": 2,
       "course": 1,
       "grade_data_entry_time": "2018-10-01 4:05:06",
       "grade_scale": 4,
       "grade_metric": 1,
       "grade_is_final": "False"
     }
  },
  {
    "model": "gsndb.grade",
    "pk": 8,
    "fields": {
       "student_snap": 2,
       "course": 2,
       "grade_data_entry_time": "2018-10-01 4:05:06",
       "grade_scale": 4,
       "grade_metric": 3,
       "grade_is_final": "False"
     }
  },
  {
    "model": "gsndb.grade",
    "pk": 9,
    "fields": {
       "student_snap": 2,
       "course": 3,
       "grade_data_entry_time": "2018-10-01 4:05:06",
       "grade_scale": 4,
       "grade_metric": 1,
       "grade_is_final": "False"
     }
  },
  {
    "model": "gsndb.grade",
    "pk": 10,
    "fields": {
       "student_snap": 2,
       "course": 4,
       "grade_data_entry_time": "2018-10-01 4:05:06",
       "grade_scale": 4,
       "grade_metric": 0,
       "grade_is_final": "False"
     }
  },
  {
    "model": "gsndb.grade",
    "pk": 11,
    "fields": {
       "student_snap": 2,
       "course": 5,
       "grade_data_entry_time": "2018-10-01 4:05:06",
       "grade_scale": 4,
       "grade_metric": 4,
       "grade_is_final": "False"
     }
  },
  {
    "model": "gsndb.grade",
    "pk": 12,
    "fields": {
       "student_snap": 2,
       "course": 6,
       "grade_data_entry_time": "2018-10-01 4:05:06",
       "grade_scale": 4,
       "grade_metric": 4,
       "grade_is_final": "False"
     }
  },
  {
    "model": "gsndb.grade",
    "pk": 13,
    "fields": {
       "student_snap": 3,
       "course": 7,
       "grade_data_entry_time": "2018-10-01 4:05:06",
       "grade_scale": 4,
       "grade_metric": 3,
       "grade_is_final": "False"
     }
  },
  {
    "model": "gsndb.grade",
    "pk": 14,
    "fields": {
       "student_snap": 3,
       "course": 8,
       "grade_data_entry_time": "2018-10-01 4:05:06",
       "grade_scale": 4,
       "grade_metric": 3,
       "grade_is_final": "False"
     }
  },
  {
    "model": "gsndb.grade",
    "pk": 15,
    "fields": {
       "student_snap": 3,
       "course": 9,
       "grade_data_entry_time": "2018-10-01 4:05:06",
       "grade_scale": 4,
       "grade_metric": 3,
       "grade_is_final": "False"
     }
  },
  {
    "model": "gsndb.grade",
    "pk": 16,
    "fields": {
       "student_snap": 3,
       "course": 10,
       "grade_data_entry_time": "2018-10-01 4:05:06",
       "grade_scale": 4,
       "grade_metric": 1,
       "grade_is_final": "False"
     }
  },
  {
    "model": "gsndb.grade",
    "pk": 17,
    "fields": {
       "student_snap": 3,
       "course": 11,
       "grade_data_entry_time": "2018-10-01 4:05:06",
       "grade_scale": 4,
       "grade_metric": 3,
       "grade_is_final": "False"
     }
  },
  {
    "model": "gsndb.grade",
    "pk": 18,
    "fields": {
       "student_snap": 3,
       "course": 12,
       "grade_data_entry_time": "2018-10-01 4:05:06",
       "grade_scale": 4,
       "grade_metric": 0,
       "grade_is_final": "False"
     }
  },
  {
    "model": "gsndb.grade",
    "pk": 19,
    "fields": {
       "student_snap": 4,
       "course": 7,
       "grade_data_entry_time": "2018-10-01 4:05:06",
       "grade_scale": 4,
       "grade_metric": 4,
       "grade_is_final": "False"
     }
  },
  {
    "model": "gsndb.grade",
    "pk": 20,
    "fields": {
       "student_snap": 4,
       "course": 8,
       "grade_data_entry_time": "2018-10-01 4:05:06",
       "grade_scale": 4,
       "grade_metric": 4,
       "grade_is_final": "False"
     }
  },
  {
    "model": "gsndb.grade",
    "pk": 21,
    "fields": {
       "student_snap": 4,
       "course": 9,
       "grade_data_entry_time": "2018-10-01 4:05:06",
       "grade_scale": 4,
       "grade_metric": 2,
       "grade_is_final": "False"
     }
  },
  {
    "model": "gsndb.grade",
    "pk": 22,
    "fields": {
       "student_snap": 4,
       "course": 10,
       "grade_data_entry_time": "2018-10-01 4:05:06",
       "grade_scale": 4,
       "grade_metric": 3,
       "grade_is_final": "False"
     }
  },
  {
    "model": "gsndb.grade",
    "pk": 23,
    "fields": {
       "student_snap": 4,
       "course": 11,
       "grade_data_entry_time": "2018-10-01 4:05:06",
       "grade_scale": 4,
       "grade_metric": 1,
       "grade_is_final": "False"
     }
  },
  {
    "model": "gsndb.grade",
    "pk": 24,
    "fields": {
       "student_snap": 4,
       "course": 12,
       "grade_data_entry_time": "2018-10-01 4:05:06",
       "grade_scale": 4,
       "grade_metric": 4,
       "grade_is_final": "False"
     }
  },
  {
    "model": "gsndb.grade",
    "pk": 25,
    "fields": {
       "student_snap": 5,
       "course": 1,
       "grade_data_entry_time": "2018-10-01 4:05:06",
       "grade_scale": 4,
       "grade_metric": 0,
       "grade_is_final": "False"
     }
  },
  {
    "model": "gsndb.grade",
    "pk": 26,
    "fields": {
       "student_snap": 5,
       "course": 2,
       "grade_data_entry_time": "2018-10-01 4:05:06",
       "grade_scale": 4,
       "grade_metric": 3,
       "grade_is_final": "False"
     }
  },
  {
    "model": "gsndb.grade",
    "pk": 27,
    "fields": {
       "student_snap": 5,
       "course": 3,
       "grade_data_entry_time": "2018-10-01 4:05:06",
       "grade_scale": 4,
       "grade_metric": 4,
       "grade_is_final": "False"
     }
  },
  {
    "model": "gsndb.grade",
    "pk": 28,
    "fields": {
       "student_snap": 5,
       "course": 4,
       "grade_data_entry_time": "2018-10-01 4:05:06",
       "grade_scale": 4,
       "grade_metric": 1,
       "grade_is_final": "False"
     }
  },
  {
    "model": "gsndb.grade",
    "pk": 29,
    "fields": {
       "student_snap": 5,
       "course": 5,
       "grade_data_entry_time": "2018-10-01 4:05:06",
       "grade_scale": 4,
       "grade_metric": 0,
       "grade_is_final": "False"
     }
  },
  {
    "model": "gsndb.grade",
    "pk": 30,
    "fields": {
       "student_snap": 5,
       "course": 6,
       "grade_data_entry_time": "2018-10-01 4:05:06",
       "grade_scale": 4,
       "grade_metric": 1,
       "grade_is_final": "False"
     }
  },
  {
    "model": "gsndb.grade",
    "pk": 31,
    "fields": {
       "student_snap": 6,
       "course": 1,
       "grade_data_entry_time": "2018-10-01 4:05:06",
       "grade_scale": 4,
       "grade_metric": 4,
       "grade_is_final": "False"
     }
  },
  {
    "model": "gsndb.grade",
    "pk": 32,
    "fields": {
       "student_snap": 6,
       "course": 2,
       "grade_data_entry_time": "2018-10-01 4:05:06",
       "grade_scale": 4,
       "grade_metric": 4,
       "grade_is_final": "False"
     }
  },
  {
    "model": "gsndb.grade",
    "pk": 33,
    "fields": {
       "student_snap": 6,
       "course": 3,
       "grade_data_entry_time": "2018-10-01 4:05:06",
       "grade_scale": 4,
       "grade_metric": 0,
       "grade_is_final": "False"
     }
  },
  {
    "model": "gsndb.grade",
    "pk": 34,
    "fields": {
       "student_snap": 6,
       "course": 4,
       "grade_data_entry_time": "2018-10-01 4:05:06",
       "grade_scale": 4,
       "grade_metric": 4,
       "grade_is_final": "False"
     }
  },
  {
    "model": "gsndb.grade",
    "pk": 35,
    "fields": {
       "student_snap": 6,
       "course": 5,
       "grade_data_entry_time": "2018-10-01 4:05:06",
       "grade_scale": 4,
       "grade_metric": 2,
       "grade_is_final": "False"
     }
  },
  {
    "model": "gsndb.grade",
    "pk": 36,
    "fields": {
       "student_snap": 6,
       "course": 6,
       "grade_data_entry_time": "2018-10-01 4:05:06",
       "grade_scale": 4,
       "grade_metric": 4,
       "grade_is_final": "False"
     }
  },
  {
    "model": "gsndb.grade",
    "pk": 37,
    "fields": {
       "student_snap": 7,
       "course": 7,
       "grade_data_entry_time": "2018-10-01 4:05:06",
       "grade_scale": 4,
       "grade_metric": 0,
       "grade_is_final": "False"
     }
  },
  {
    "model": "gsndb.grade",
    "pk": 38,
    "fields": {
       "student_snap": 7,
       "course": 8,
       "grade_data_entry_time": "2018-10-01 4:05:06",
       "grade_scale": 4,
       "grade_metric": 3,
       "grade_is_final": "False"
     }
  },
  {
    "model": "gsndb.grade",
    "pk": 39,
    "fields": {
       "student_snap": 7,
       "course": 9,
       "grade_data_entry_time": "2018-10-01 4:05:06",
       "grade_scale": 4,
       "grade_metric": 1,
       "grade_is_final": "False"
     }
  },
  {
    "model": "gsndb.grade",
    "pk": 40,
    "fields": {
       "student_snap": 7,
       "course": 10,
       "grade_data_entry_time": "2018-10-01 4:05:06",
       "grade_scale": 4,
       "grade_metric": 3,
       "grade_is_final": "False"
     }
  },
  {
    "model": "gsndb.grade",
    "pk": 41,
    "fields": {
       "student_snap": 7,
       "course": 11,
       "grade_data_entry_time": "2018-10-01 4:05:06",
       "grade_scale": 4,
       "grade_metric": 3,
       "grade_is_final": "False"
     }
  },
  {
    "model": "gsndb.grade",
    "pk": 42,
    "fields": {
       "student_snap": 7,
       "course": 12,
       "grade_data_entry_time": "2018-10-01 4:05:06",
       "grade_scale": 4,
       "grade_metric": 3,
       "grade_is_final": "False"
     }
  },
  {
    "model": "gsndb.grade",
    "pk": 43,
    "fields": {
       "student_snap": 8,
       "course": 7,
       "grade_data_entry_time": "2018-10-01 4:05:06",
       "grade_scale": 4,
       "grade_metric": 0,
       "grade_is_final": "False"
     }
  },
  {
    "model": "gsndb.grade",
    "pk": 44,
    "fields": {
       "student_snap": 8,
       "course": 8,
       "grade_data_entry_time": "2018-10-01 4:05:06",
       "grade_scale": 4,
       "grade_metric": 3,
       "grade_is_final": "False"
     }
  },
  {
    "model": "gsndb.grade",
    "pk": 45,
    "fields": {
       "student_snap": 8,
       "course": 9,
       "grade_data_entry_time": "2018-10-01 4:05:06",
       "grade_scale": 4,
       "grade_metric": 0,
       "grade_is_final": "False"
     }
  },
  {
    "model": "gsndb.grade",
    "pk": 46,
    "fields": {
       "student_snap": 8,
       "course": 10,
       "grade_data_entry_time": "2018-10-01 4:05:06",
       "grade_scale": 4,
       "grade_metric": 3,
       "grade_is_final": "False"
     }
  },
  {
    "model": "gsndb.grade",
    "pk": 47,
    "fields": {
       "student_snap": 8,
       "course": 11,
       "grade_data_entry_time": "2018-10-01 4:05:06",
       "grade_scale": 4,
       "grade_metric": 4,
       "grade_is_final": "False"
     }
  },
  {
    "model": "gsndb.grade",
    "pk": 48,
    "fields": {
       "student_snap": 8,
       "course": 12,
       "grade_data_entry_time": "2018-10-01 4:05:06",
       "grade_scale": 4,
       "grade_metric": 3,
       "grade_is_final": "False"
     }
  },
  {
    "model": "gsndb.grade",
    "pk": 49,
    "fields": {
       "student_snap": 1,
       "course": 1,
       "grade_data_entry_time": "2018-11-01 4:05:06",
       "grade_scale": 4,
       "grade_metric": 4,
       "grade_is_final": "False"
     }
  },
  {
    "model": "gsndb.grade",
    "pk": 50,
    "fields": {
       "student_snap": 1,
       "course": 2,
       "grade_data_entry_time": "2018-11-01 4:05:06",
       "grade_scale": 4,
       "grade_metric": 0,
       "grade_is_final": "False"
     }
  },
  {
    "model": "gsndb.grade",
    "pk": 51,
    "fields": {
       "student_snap": 1,
       "course": 3,
       "grade_data_entry_time": "2018-11-01 4:05:06",
       "grade_scale": 4,
       "grade_metric": 3,
       "grade_is_final": "False"
     }
  },
  {
    "model": "gsndb.grade",
    "pk": 52,
    "fields": {
       "student_snap": 1,
       "course": 4,
       "grade_data_entry_time": "2018-11-01 4:05:06",
       "grade_scale": 4,
       "grade_metric": 3,
       "grade_is_final": "False"
     }
  },
  {
    "model": "gsndb.grade",
    "pk": 53,
    "fields": {
       "student_snap": 1,
       "course": 5,
       "grade_data_entry_time": "2018-11-01 4:05:06",
       "grade_scale": 4,
       "grade_metric": 0,
       "grade_is_final": "False"
     }
  },
  {
    "model": "gsndb.grade",
    "pk": 54,
    "fields": {
       "student_snap": 1,
       "course": 6,
       "grade_data_entry_time": "2018-11-01 4:05:06",
       "grade_scale": 4,
       "grade_metric": 1,
       "grade_is_final": "False"
     }
  },
  {
    "model": "gsndb.grade",
    "pk": 55,
    "fields": {
       "student_snap": 2,
       "course": 1,
       "grade_data_entry_time": "2018-11-01 4:05:06",
       "grade_scale": 4,
       "grade_metric": 2,
       "grade_is_final": "False"
     }
  },
  {
    "model": "gsndb.grade",
    "pk": 56,
    "fields": {
       "student_snap": 2,
       "course": 2,
       "grade_data_entry_time": "2018-11-01 4:05:06",
       "grade_scale": 4,
       "grade_metric": 3,
       "grade_is_final": "False"
     }
  },
  {
    "model": "gsndb.grade",
    "pk": 57,
    "fields": {
       "student_snap": 2,
       "course": 3,
       "grade_data_entry_time": "2018-11-01 4:05:06",
       "grade_scale": 4,
       "grade_metric": 4,
       "grade_is_final": "False"
     }
  },
  {
    "model": "gsndb.grade",
    "pk": 58,
    "fields": {
       "student_snap": 2,
       "course": 4,
       "grade_data_entry_time": "2018-11-01 4:05:06",
       "grade_scale": 4,
       "grade_metric": 0,
       "grade_is_final": "False"
     }
  },
  {
    "model": "gsndb.grade",
    "pk": 59,
    "fields": {
       "student_snap": 2,
       "course": 5,
       "grade_data_entry_time": "2018-11-01 4:05:06",
       "grade_scale": 4,
       "grade_metric": 1,
       "grade_is_final": "False"
     }
  },
  {
    "model": "gsndb.grade",
    "pk": 60,
    "fields": {
       "student_snap": 2,
       "course": 6,
       "grade_data_entry_time": "2018-11-01 4:05:06",
       "grade_scale": 4,
       "grade_metric": 0,
       "grade_is_final": "False"
     }
  },
  {
    "model": "gsndb.grade",
    "pk": 61,
    "fields": {
       "student_snap": 3,
       "course": 1,
       "grade_data_entry_time": "2018-11-01 4:05:06",
       "grade_scale": 4,
       "grade_metric": 2,
       "grade_is_final": "False"
     }
  },
  {
    "model": "gsndb.grade",
    "pk": 62,
    "fields": {
       "student_snap": 3,
       "course": 2,
       "grade_data_entry_time": "2018-11-01 4:05:06",
       "grade_scale": 4,
       "grade_metric": 2,
       "grade_is_final": "False"
     }
  },
  {
    "model": "gsndb.grade",
    "pk": 63,
    "fields": {
       "student_snap": 3,
       "course": 3,
       "grade_data_entry_time": "2018-11-01 4:05:06",
       "grade_scale": 4,
       "grade_metric": 3,
       "grade_is_final": "False"
     }
  },
  {
    "model": "gsndb.grade",
    "pk": 64,
    "fields": {
       "student_snap": 3,
       "course": 4,
       "grade_data_entry_time": "2018-11-01 4:05:06",
       "grade_scale": 4,
       "grade_metric": 3,
       "grade_is_final": "False"
     }
  },
  {
    "model": "gsndb.grade",
    "pk": 65,
    "fields": {
       "student_snap": 3,
       "course": 5,
       "grade_data_entry_time": "2018-11-01 4:05:06",
       "grade_scale": 4,
       "grade_metric": 1,
       "grade_is_final": "False"
     }
  },
  {
    "model": "gsndb.grade",
    "pk": 66,
    "fields": {
       "student_snap": 3,
       "course": 6,
       "grade_data_entry_time": "2018-11-01 4:05:06",
       "grade_scale": 4,
       "grade_metric": 1,
       "grade_is_final": "False"
     }
  },
  {
    "model": "gsndb.grade",
    "pk": 67,
    "fields": {
       "student_snap": 4,
       "course": 1,
       "grade_data_entry_time": "2018-11-01 4:05:06",
       "grade_scale": 4,
       "grade_metric": 4,
       "grade_is_final": "False"
     }
  },
  {
    "model": "gsndb.grade",
    "pk": 68,
    "fields": {
       "student_snap": 4,
       "course": 2,
       "grade_data_entry_time": "2018-11-01 4:05:06",
       "grade_scale": 4,
       "grade_metric": 1,
       "grade_is_final": "False"
     }
  },
  {
    "model": "gsndb.grade",
    "pk": 69,
    "fields": {
       "student_snap": 4,
       "course": 3,
       "grade_data_entry_time": "2018-11-01 4:05:06",
       "grade_scale": 4,
       "grade_metric": 1,
       "grade_is_final": "False"
     }
  },
  {
    "model": "gsndb.grade",
    "pk": 70,
    "fields": {
       "student_snap": 4,
       "course": 4,
       "grade_data_entry_time": "2018-11-01 4:05:06",
       "grade_scale": 4,
       "grade_metric": 3,
       "grade_is_final": "False"
     }
  },
  {
    "model": "gsndb.grade",
    "pk": 71,
    "fields": {
       "student_snap": 4,
       "course": 5,
       "grade_data_entry_time": "2018-11-01 4:05:06",
       "grade_scale": 4,
       "grade_metric": 2,
       "grade_is_final": "False"
     }
  },
  {
    "model": "gsndb.grade",
    "pk": 72,
    "fields": {
       "student_snap": 4,
       "course": 6,
       "grade_data_entry_time": "2018-11-01 4:05:06",
       "grade_scale": 4,
       "grade_metric": 0,
       "grade_is_final": "False"
     }
  },
  {
    "model": "gsndb.grade",
    "pk": 73,
    "fields": {
       "student_snap": 5,
       "course": 7,
       "grade_data_entry_time": "2018-11-01 4:05:06",
       "grade_scale": 4,
       "grade_metric": 1,
       "grade_is_final": "False"
     }
  },
  {
    "model": "gsndb.grade",
    "pk": 74,
    "fields": {
       "student_snap": 5,
       "course": 8,
       "grade_data_entry_time": "2018-11-01 4:05:06",
       "grade_scale": 4,
       "grade_metric": 3,
       "grade_is_final": "False"
     }
  },
  {
    "model": "gsndb.grade",
    "pk": 75,
    "fields": {
       "student_snap": 5,
       "course": 9,
       "grade_data_entry_time": "2018-11-01 4:05:06",
       "grade_scale": 4,
       "grade_metric": 4,
       "grade_is_final": "False"
     }
  },
  {
    "model": "gsndb.grade",
    "pk": 76,
    "fields": {
       "student_snap": 5,
       "course": 10,
       "grade_data_entry_time": "2018-11-01 4:05:06",
       "grade_scale": 4,
       "grade_metric": 1,
       "grade_is_final": "False"
     }
  },
  {
    "model": "gsndb.grade",
    "pk": 77,
    "fields": {
       "student_snap": 5,
       "course": 11,
       "grade_data_entry_time": "2018-11-01 4:05:06",
       "grade_scale": 4,
       "grade_metric": 0,
       "grade_is_final": "False"
     }
  },
  {
    "model": "gsndb.grade",
    "pk": 78,
    "fields": {
       "student_snap": 5,
       "course": 12,
       "grade_data_entry_time": "2018-11-01 4:05:06",
       "grade_scale": 4,
       "grade_metric": 3,
       "grade_is_final": "False"
     }
  },
  {
    "model": "gsndb.grade",
    "pk": 79,
    "fields": {
       "student_snap": 6,
       "course": 7,
       "grade_data_entry_time": "2018-11-01 4:05:06",
       "grade_scale": 4,
       "grade_metric": 1,
       "grade_is_final": "False"
     }
  },
  {
    "model": "gsndb.grade",
    "pk": 80,
    "fields": {
       "student_snap": 6,
       "course": 8,
       "grade_data_entry_time": "2018-11-01 4:05:06",
       "grade_scale": 4,
       "grade_metric": 4,
       "grade_is_final": "False"
     }
  },
  {
    "model": "gsndb.grade",
    "pk": 81,
    "fields": {
       "student_snap": 6,
       "course": 9,
       "grade_data_entry_time": "2018-11-01 4:05:06",
       "grade_scale": 4,
       "grade_metric": 1,
       "grade_is_final": "False"
     }
  },
  {
    "model": "gsndb.grade",
    "pk": 82,
    "fields": {
       "student_snap": 6,
       "course": 10,
       "grade_data_entry_time": "2018-11-01 4:05:06",
       "grade_scale": 4,
       "grade_metric": 3,
       "grade_is_final": "False"
     }
  },
  {
    "model": "gsndb.grade",
    "pk": 83,
    "fields": {
       "student_snap": 6,
       "course": 11,
       "grade_data_entry_time": "2018-11-01 4:05:06",
       "grade_scale": 4,
       "grade_metric": 4,
       "grade_is_final": "False"
     }
  },
  {
    "model": "gsndb.grade",
    "pk": 84,
    "fields": {
       "student_snap": 6,
       "course": 12,
       "grade_data_entry_time": "2018-11-01 4:05:06",
       "grade_scale": 4,
       "grade_metric": 1,
       "grade_is_final": "False"
     }
  },
  {
    "model": "gsndb.grade",
    "pk": 85,
    "fields": {
       "student_snap": 7,
       "course": 7,
       "grade_data_entry_time": "2018-11-01 4:05:06",
       "grade_scale": 4,
       "grade_metric": 1,
       "grade_is_final": "False"
     }
  },
  {
    "model": "gsndb.grade",
    "pk": 86,
    "fields": {
       "student_snap": 7,
       "course": 8,
       "grade_data_entry_time": "2018-11-01 4:05:06",
       "grade_scale": 4,
       "grade_metric": 0,
       "grade_is_final": "False"
     }
  },
  {
    "model": "gsndb.grade",
    "pk": 87,
    "fields": {
       "student_snap": 7,
       "course": 9,
       "grade_data_entry_time": "2018-11-01 4:05:06",
       "grade_scale": 4,
       "grade_metric": 2,
       "grade_is_final": "False"
     }
  },
  {
    "model": "gsndb.grade",
    "pk": 88,
    "fields": {
       "student_snap": 7,
       "course": 10,
       "grade_data_entry_time": "2018-11-01 4:05:06",
       "grade_scale": 4,
       "grade_metric": 4,
       "grade_is_final": "False"
     }
  },
  {
    "model": "gsndb.grade",
    "pk": 89,
    "fields": {
       "student_snap": 7,
       "course": 11,
       "grade_data_entry_time": "2018-11-01 4:05:06",
       "grade_scale": 4,
       "grade_metric": 0,
       "grade_is_final": "False"
     }
  },
  {
    "model": "gsndb.grade",
    "pk": 90,
    "fields": {
       "student_snap": 7,
       "course": 12,
       "grade_data_entry_time": "2018-11-01 4:05:06",
       "grade_scale": 4,
       "grade_metric": 4,
       "grade_is_final": "False"
     }
  },
  {
    "model": "gsndb.grade",
    "pk": 91,
    "fields": {
       "student_snap": 8,
       "course": 7,
       "grade_data_entry_time": "2018-11-01 4:05:06",
       "grade_scale": 4,
       "grade_metric": 1,
       "grade_is_final": "False"
     }
  },
  {
    "model": "gsndb.grade",
    "pk": 92,
    "fields": {
       "student_snap": 8,
       "course": 8,
       "grade_data_entry_time": "2018-11-01 4:05:06",
       "grade_scale": 4,
       "grade_metric": 3,
       "grade_is_final": "False"
     }
  },
  {
    "model": "gsndb.grade",
    "pk": 93,
    "fields": {
       "student_snap": 8,
       "course": 9,
       "grade_data_entry_time": "2018-11-01 4:05:06",
       "grade_scale": 4,
       "grade_metric": 3,
       "grade_is_final": "False"
     }
  },
  {
    "model": "gsndb.grade",
    "pk": 94,
    "fields": {
       "student_snap": 8,
       "course": 10,
       "grade_data_entry_time": "2018-11-01 4:05:06",
       "grade_scale": 4,
       "grade_metric": 1,
       "grade_is_final": "False"
     }
  },
  {
    "model": "gsndb.grade",
    "pk": 95,
    "fields": {
       "student_snap": 8,
       "course": 11,
       "grade_data_entry_time": "2018-11-01 4:05:06",
       "grade_scale": 4,
       "grade_metric": 4,
       "grade_is_final": "False"
     }
  },
  {
    "model": "gsndb.grade",
    "pk": 96,
    "fields": {
       "student_snap": 8,
       "course": 12,
       "grade_data_entry_time": "2018-11-01 4:05:06",
       "grade_scale": 4,
       "grade_metric": 1,
       "grade_is_final": "False"
     }
  },
  {
    "model": "gsndb.grade",
    "pk": 97,
    "fields": {
       "student_snap": 9,
       "course": 1,
       "grade_data_entry_time": "2018-06-15 4:05:06",
       "grade_scale": 4,
       "grade_metric": 4,
       "grade_is_final": "True"
     }
  },
  {
    "model": "gsndb.grade",
    "pk": 98,
    "fields": {
       "student_snap": 9,
       "course": 2,
       "grade_data_entry_time": "2018-06-15 4:05:06",
       "grade_scale": 4,
       "grade_metric": 4,
       "grade_is_final": "True"
     }
  },
  {
    "model": "gsndb.grade",
    "pk": 99,
    "fields": {
       "student_snap": 9,
       "course": 3,
       "grade_data_entry_time": "2018-06-15 4:05:06",
       "grade_scale": 4,
       "grade_metric": 4,
       "grade_is_final": "True"
     }
  },
  {
    "model": "gsndb.grade",
    "pk": 100,
    "fields": {
       "student_snap": 9,
       "course": 4,
       "grade_data_entry_time": "2018-06-15 4:05:06",
       "grade_scale": 4,
       "grade_metric": 1,
       "grade_is_final": "True"
     }
  },
  {
    "model": "gsndb.grade",
    "pk": 101,
    "fields": {
       "student_snap": 9,
       "course": 5,
       "grade_data_entry_time": "2018-06-15 4:05:06",
       "grade_scale": 4,
       "grade_metric": 1,
       "grade_is_final": "True"
     }
  },
  {
    "model": "gsndb.grade",
    "pk": 102,
    "fields": {
       "student_snap": 9,
       "course": 6,
       "grade_data_entry_time": "2018-06-15 4:05:06",
       "grade_scale": 4,
       "grade_metric": 0,
       "grade_is_final": "True"
     }
  },
  {
    "model": "gsndb.grade",
    "pk": 103,
    "fields": {
       "student_snap": 10,
       "course": 1,
       "grade_data_entry_time": "2018-06-15 4:05:06",
       "grade_scale": 4,
       "grade_metric": 3,
       "grade_is_final": "True"
     }
  },
  {
    "model": "gsndb.grade",
    "pk": 104,
    "fields": {
       "student_snap": 10,
       "course": 2,
       "grade_data_entry_time": "2018-06-15 4:05:06",
       "grade_scale": 4,
       "grade_metric": 4,
       "grade_is_final": "True"
     }
  },
  {
    "model": "gsndb.grade",
    "pk": 105,
    "fields": {
       "student_snap": 10,
       "course": 3,
       "grade_data_entry_time": "2018-06-15 4:05:06",
       "grade_scale": 4,
       "grade_metric": 1,
       "grade_is_final": "True"
     }
  },
  {
    "model": "gsndb.grade",
    "pk": 106,
    "fields": {
       "student_snap": 10,
       "course": 4,
       "grade_data_entry_time": "2018-06-15 4:05:06",
       "grade_scale": 4,
       "grade_metric": 0,
       "grade_is_final": "True"
     }
  },
  {
    "model": "gsndb.grade",
    "pk": 107,
    "fields": {
       "student_snap": 10,
       "course": 5,
       "grade_data_entry_time": "2018-06-15 4:05:06",
       "grade_scale": 4,
       "grade_metric": 0,
       "grade_is_final": "True"
     }
  },
  {
    "model": "gsndb.grade",
    "pk": 108,
    "fields": {
       "student_snap": 10,
       "course": 6,
       "grade_data_entry_time": "2018-06-15 4:05:06",
       "grade_scale": 4,
       "grade_metric": 3,
       "grade_is_final": "True"
     }
  },
  {
    "model": "gsndb.grade",
    "pk": 109,
    "fields": {
       "student_snap": 11,
       "course": 1,
       "grade_data_entry_time": "2018-06-15 4:05:06",
       "grade_scale": 4,
       "grade_metric": 0,
       "grade_is_final": "True"
     }
  },
  {
    "model": "gsndb.grade",
    "pk": 110,
    "fields": {
       "student_snap": 11,
       "course": 2,
       "grade_data_entry_time": "2018-06-15 4:05:06",
       "grade_scale": 4,
       "grade_metric": 2,
       "grade_is_final": "True"
     }
  },
  {
    "model": "gsndb.grade",
    "pk": 111,
    "fields": {
       "student_snap": 11,
       "course": 3,
       "grade_data_entry_time": "2018-06-15 4:05:06",
       "grade_scale": 4,
       "grade_metric": 0,
       "grade_is_final": "True"
     }
  },
  {
    "model": "gsndb.grade",
    "pk": 112,
    "fields": {
       "student_snap": 11,
       "course": 4,
       "grade_data_entry_time": "2018-06-15 4:05:06",
       "grade_scale": 4,
       "grade_metric": 2,
       "grade_is_final": "True"
     }
  },
  {
    "model": "gsndb.grade",
    "pk": 113,
    "fields": {
       "student_snap": 11,
       "course": 5,
       "grade_data_entry_time": "2018-06-15 4:05:06",
       "grade_scale": 4,
       "grade_metric": 3,
       "grade_is_final": "True"
     }
  },
  {
    "model": "gsndb.grade",
    "pk": 114,
    "fields": {
       "student_snap": 11,
       "course": 6,
       "grade_data_entry_time": "2018-06-15 4:05:06",
       "grade_scale": 4,
       "grade_metric": 2,
       "grade_is_final": "True"
     }
  },
  {
    "model": "gsndb.grade",
    "pk": 115,
    "fields": {
       "student_snap": 12,
       "course": 1,
       "grade_data_entry_time": "2018-06-15 4:05:06",
       "grade_scale": 4,
       "grade_metric": 1,
       "grade_is_final": "True"
     }
  },
  {
    "model": "gsndb.grade",
    "pk": 116,
    "fields": {
       "student_snap": 12,
       "course": 2,
       "grade_data_entry_time": "2018-06-15 4:05:06",
       "grade_scale": 4,
       "grade_metric": 1,
       "grade_is_final": "True"
     }
  },
  {
    "model": "gsndb.grade",
    "pk": 117,
    "fields": {
       "student_snap": 12,
       "course": 3,
       "grade_data_entry_time": "2018-06-15 4:05:06",
       "grade_scale": 4,
       "grade_metric": 4,
       "grade_is_final": "True"
     }
  },
  {
    "model": "gsndb.grade",
    "pk": 118,
    "fields": {
       "student_snap": 12,
       "course": 4,
       "grade_data_entry_time": "2018-06-15 4:05:06",
       "grade_scale": 4,
       "grade_metric": 4,
       "grade_is_final": "True"
     }
  },
  {
    "model": "gsndb.grade",
    "pk": 119,
    "fields": {
       "student_snap": 12,
       "course": 5,
       "grade_data_entry_time": "2018-06-15 4:05:06",
       "grade_scale": 4,
       "grade_metric": 3,
       "grade_is_final": "True"
     }
  },
  {
    "model": "gsndb.grade",
    "pk": 120,
    "fields": {
       "student_snap": 12,
       "course": 6,
       "grade_data_entry_time": "2018-06-15 4:05:06",
       "grade_scale": 4,
       "grade_metric": 3,
       "grade_is_final": "True"
     }
  },
  {
    "model": "gsndb.grade",
    "pk": 121,
    "fields": {
       "student_snap": 13,
       "course": 7,
       "grade_data_entry_time": "2018-06-15 4:05:06",
       "grade_scale": 4,
       "grade_metric": 4,
       "grade_is_final": "True"
     }
  },
  {
    "model": "gsndb.grade",
    "pk": 122,
    "fields": {
       "student_snap": 13,
       "course": 8,
       "grade_data_entry_time": "2018-06-15 4:05:06",
       "grade_scale": 4,
       "grade_metric": 2,
       "grade_is_final": "True"
     }
  },
  {
    "model": "gsndb.grade",
    "pk": 123,
    "fields": {
       "student_snap": 13,
       "course": 9,
       "grade_data_entry_time": "2018-06-15 4:05:06",
       "grade_scale": 4,
       "grade_metric": 3,
       "grade_is_final": "True"
     }
  },
  {
    "model": "gsndb.grade",
    "pk": 124,
    "fields": {
       "student_snap": 13,
       "course": 10,
       "grade_data_entry_time": "2018-06-15 4:05:06",
       "grade_scale": 4,
       "grade_metric": 1,
       "grade_is_final": "True"
     }
  },
  {
    "model": "gsndb.grade",
    "pk": 125,
    "fields": {
       "student_snap": 13,
       "course": 11,
       "grade_data_entry_time": "2018-06-15 4:05:06",
       "grade_scale": 4,
       "grade_metric": 2,
       "grade_is_final": "True"
     }
  },
  {
    "model": "gsndb.grade",
    "pk": 126,
    "fields": {
       "student_snap": 13,
       "course": 12,
       "grade_data_entry_time": "2018-06-15 4:05:06",
       "grade_scale": 4,
       "grade_metric": 0,
       "grade_is_final": "True"
     }
  },
  {
    "model": "gsndb.grade",
    "pk": 127,
    "fields": {
       "student_snap": 14,
       "course": 7,
       "grade_data_entry_time": "2018-06-15 4:05:06",
       "grade_scale": 4,
       "grade_metric": 1,
       "grade_is_final": "True"
     }
  },
  {
    "model": "gsndb.grade",
    "pk": 128,
    "fields": {
       "student_snap": 14,
       "course": 8,
       "grade_data_entry_time": "2018-06-15 4:05:06",
       "grade_scale": 4,
       "grade_metric": 2,
       "grade_is_final": "True"
     }
  },
  {
    "model": "gsndb.grade",
    "pk": 129,
    "fields": {
       "student_snap": 14,
       "course": 9,
       "grade_data_entry_time": "2018-06-15 4:05:06",
       "grade_scale": 4,
       "grade_metric": 2,
       "grade_is_final": "True"
     }
  },
  {
    "model": "gsndb.grade",
    "pk": 130,
    "fields": {
       "student_snap": 14,
       "course": 10,
       "grade_data_entry_time": "2018-06-15 4:05:06",
       "grade_scale": 4,
       "grade_metric": 4,
       "grade_is_final": "True"
     }
  },
  {
    "model": "gsndb.grade",
    "pk": 131,
    "fields": {
       "student_snap": 14,
       "course": 11,
       "grade_data_entry_time": "2018-06-15 4:05:06",
       "grade_scale": 4,
       "grade_metric": 0,
       "grade_is_final": "True"
     }
  },
  {
    "model": "gsndb.grade",
    "pk": 132,
    "fields": {
       "student_snap": 14,
       "course": 12,
       "grade_data_entry_time": "2018-06-15 4:05:06",
       "grade_scale": 4,
       "grade_metric": 1,
       "grade_is_final": "True"
     }
  },
  {
    "model": "gsndb.grade",
    "pk": 133,
    "fields": {
       "student_snap": 15,
       "course": 7,
       "grade_data_entry_time": "2018-06-15 4:05:06",
       "grade_scale": 4,
       "grade_metric": 1,
       "grade_is_final": "True"
     }
  },
  {
    "model": "gsndb.grade",
    "pk": 134,
    "fields": {
       "student_snap": 15,
       "course": 8,
       "grade_data_entry_time": "2018-06-15 4:05:06",
       "grade_scale": 4,
       "grade_metric": 3,
       "grade_is_final": "True"
     }
  },
  {
    "model": "gsndb.grade",
    "pk": 135,
    "fields": {
       "student_snap": 15,
       "course": 9,
       "grade_data_entry_time": "2018-06-15 4:05:06",
       "grade_scale": 4,
       "grade_metric": 2,
       "grade_is_final": "True"
     }
  },
  {
    "model": "gsndb.grade",
    "pk": 136,
    "fields": {
       "student_snap": 15,
       "course": 10,
       "grade_data_entry_time": "2018-06-15 4:05:06",
       "grade_scale": 4,
       "grade_metric": 2,
       "grade_is_final": "True"
     }
  },
  {
    "model": "gsndb.grade",
    "pk": 137,
    "fields": {
       "student_snap": 15,
       "course": 11,
       "grade_data_entry_time": "2018-06-15 4:05:06",
       "grade_scale": 4,
       "grade_metric": 1,
       "grade_is_final": "True"
     }
  },
  {
    "model": "gsndb.grade",
    "pk": 138,
    "fields": {
       "student_snap": 15,
       "course": 12,
       "grade_data_entry_time": "2018-06-15 4:05:06",
       "grade_scale": 4,
       "grade_metric": 4,
       "grade_is_final": "True"
     }
  },
  {
    "model": "gsndb.grade",
    "pk": 139,
    "fields": {
       "student_snap": 16,
       "course": 7,
       "grade_data_entry_time": "2018-06-15 4:05:06",
       "grade_scale": 4,
       "grade_metric": 3,
       "grade_is_final": "True"
     }
  },
  {
    "model": "gsndb.grade",
    "pk": 140,
    "fields": {
       "student_snap": 16,
       "course": 8,
       "grade_data_entry_time": "2018-06-15 4:05:06",
       "grade_scale": 4,
       "grade_metric": 3,
       "grade_is_final": "True"
     }
  },
  {
    "model": "gsndb.grade",
    "pk": 141,
    "fields": {
       "student_snap": 16,
       "course": 9,
       "grade_data_entry_time": "2018-06-15 4:05:06",
       "grade_scale": 4,
       "grade_metric": 1,
       "grade_is_final": "True"
     }
  },
  {
    "model": "gsndb.grade",
    "pk": 142,
    "fields": {
       "student_snap": 16,
       "course": 10,
       "grade_data_entry_time": "2018-06-15 4:05:06",
       "grade_scale": 4,
       "grade_metric": 4,
       "grade_is_final": "True"
     }
  },
  {
    "model": "gsndb.grade",
    "pk": 143,
    "fields": {
       "student_snap": 16,
       "course": 11,
       "grade_data_entry_time": "2018-06-15 4:05:06",
       "grade_scale": 4,
       "grade_metric": 0,
       "grade_is_final": "True"
     }
  },
  {
    "model": "gsndb.grade",
    "pk": 144,
    "fields": {
       "student_snap": 16,
       "course": 12,
       "grade_data_entry_time": "2018-06-15 4:05:06",
       "grade_scale": 4,
       "grade_metric": 4,
       "grade_is_final": "True"
     }
  },
  {
    "model": "gsndb.grade",
    "pk": 145,
    "fields": {
       "student_snap": 17,
       "course": 1,
       "grade_data_entry_time": "2017-12-20 4:05:06",
       "grade_scale": 4,
       "grade_metric": 4,
       "grade_is_final": "True"
     }
  },
  {
    "model": "gsndb.grade",
    "pk": 146,
    "fields": {
       "student_snap": 17,
       "course": 2,
       "grade_data_entry_time": "2017-12-20 4:05:06",
       "grade_scale": 4,
       "grade_metric": 1,
       "grade_is_final": "True"
     }
  },
  {
    "model": "gsndb.grade",
    "pk": 147,
    "fields": {
       "student_snap": 17,
       "course": 3,
       "grade_data_entry_time": "2017-12-20 4:05:06",
       "grade_scale": 4,
       "grade_metric": 3,
       "grade_is_final": "True"
     }
  },
  {
    "model": "gsndb.grade",
    "pk": 148,
    "fields": {
       "student_snap": 17,
       "course": 4,
       "grade_data_entry_time": "2017-12-20 4:05:06",
       "grade_scale": 4,
       "grade_metric": 2,
       "grade_is_final": "True"
     }
  },
  {
    "model": "gsndb.grade",
    "pk": 149,
    "fields": {
       "student_snap": 17,
       "course": 5,
       "grade_data_entry_time": "2017-12-20 4:05:06",
       "grade_scale": 4,
       "grade_metric": 1,
       "grade_is_final": "True"
     }
  },
  {
    "model": "gsndb.grade",
    "pk": 150,
    "fields": {
       "student_snap": 17,
       "course": 6,
       "grade_data_entry_time": "2017-12-20 4:05:06",
       "grade_scale": 4,
       "grade_metric": 3,
       "grade_is_final": "True"
     }
  },
  {
    "model": "gsndb.grade",
    "pk": 151,
    "fields": {
       "student_snap": 18,
       "course": 1,
       "grade_data_entry_time": "2017-12-20 4:05:06",
       "grade_scale": 4,
       "grade_metric": 1,
       "grade_is_final": "True"
     }
  },
  {
    "model": "gsndb.grade",
    "pk": 152,
    "fields": {
       "student_snap": 18,
       "course": 2,
       "grade_data_entry_time": "2017-12-20 4:05:06",
       "grade_scale": 4,
       "grade_metric": 2,
       "grade_is_final": "True"
     }
  },
  {
    "model": "gsndb.grade",
    "pk": 153,
    "fields": {
       "student_snap": 18,
       "course": 3,
       "grade_data_entry_time": "2017-12-20 4:05:06",
       "grade_scale": 4,
       "grade_metric": 1,
       "grade_is_final": "True"
     }
  },
  {
    "model": "gsndb.grade",
    "pk": 154,
    "fields": {
       "student_snap": 18,
       "course": 4,
       "grade_data_entry_time": "2017-12-20 4:05:06",
       "grade_scale": 4,
       "grade_metric": 3,
       "grade_is_final": "True"
     }
  },
  {
    "model": "gsndb.grade",
    "pk": 155,
    "fields": {
       "student_snap": 18,
       "course": 5,
       "grade_data_entry_time": "2017-12-20 4:05:06",
       "grade_scale": 4,
       "grade_metric": 3,
       "grade_is_final": "True"
     }
  },
  {
    "model": "gsndb.grade",
    "pk": 156,
    "fields": {
       "student_snap": 18,
       "course": 6,
       "grade_data_entry_time": "2017-12-20 4:05:06",
       "grade_scale": 4,
       "grade_metric": 3,
       "grade_is_final": "True"
     }
  },
  {
    "model": "gsndb.grade",
    "pk": 157,
    "fields": {
       "student_snap": 19,
       "course": 1,
       "grade_data_entry_time": "2017-12-20 4:05:06",
       "grade_scale": 4,
       "grade_metric": 1,
       "grade_is_final": "True"
     }
  },
  {
    "model": "gsndb.grade",
    "pk": 158,
    "fields": {
       "student_snap": 19,
       "course": 2,
       "grade_data_entry_time": "2017-12-20 4:05:06",
       "grade_scale": 4,
       "grade_metric": 4,
       "grade_is_final": "True"
     }
  },
  {
    "model": "gsndb.grade",
    "pk": 159,
    "fields": {
       "student_snap": 19,
       "course": 3,
       "grade_data_entry_time": "2017-12-20 4:05:06",
       "grade_scale": 4,
       "grade_metric": 1,
       "grade_is_final": "True"
     }
  },
  {
    "model": "gsndb.grade",
    "pk": 160,
    "fields": {
       "student_snap": 19,
       "course": 4,
       "grade_data_entry_time": "2017-12-20 4:05:06",
       "grade_scale": 4,
       "grade_metric": 2,
       "grade_is_final": "True"
     }
  },
  {
    "model": "gsndb.grade",
    "pk": 161,
    "fields": {
       "student_snap": 19,
       "course": 5,
       "grade_data_entry_time": "2017-12-20 4:05:06",
       "grade_scale": 4,
       "grade_metric": 1,
       "grade_is_final": "True"
     }
  },
  {
    "model": "gsndb.grade",
    "pk": 162,
    "fields": {
       "student_snap": 19,
       "course": 6,
       "grade_data_entry_time": "2017-12-20 4:05:06",
       "grade_scale": 4,
       "grade_metric": 1,
       "grade_is_final": "True"
     }
  },
  {
    "model": "gsndb.grade",
    "pk": 163,
    "fields": {
       "student_snap": 20,
       "course": 1,
       "grade_data_entry_time": "2017-12-20 4:05:06",
       "grade_scale": 4,
       "grade_metric": 2,
       "grade_is_final": "True"
     }
  },
  {
    "model": "gsndb.grade",
    "pk": 164,
    "fields": {
       "student_snap": 20,
       "course": 2,
       "grade_data_entry_time": "2017-12-20 4:05:06",
       "grade_scale": 4,
       "grade_metric": 3,
       "grade_is_final": "True"
     }
  },
  {
    "model": "gsndb.grade",
    "pk": 165,
    "fields": {
       "student_snap": 20,
       "course": 3,
       "grade_data_entry_time": "2017-12-20 4:05:06",
       "grade_scale": 4,
       "grade_metric": 2,
       "grade_is_final": "True"
     }
  },
  {
    "model": "gsndb.grade",
    "pk": 166,
    "fields": {
       "student_snap": 20,
       "course": 4,
       "grade_data_entry_time": "2017-12-20 4:05:06",
       "grade_scale": 4,
       "grade_metric": 2,
       "grade_is_final": "True"
     }
  },
  {
    "model": "gsndb.grade",
    "pk": 167,
    "fields": {
       "student_snap": 20,
       "course": 5,
       "grade_data_entry_time": "2017-12-20 4:05:06",
       "grade_scale": 4,
       "grade_metric": 3,
       "grade_is_final": "True"
     }
  },
  {
    "model": "gsndb.grade",
    "pk": 168,
    "fields": {
       "student_snap": 20,
       "course": 6,
       "grade_data_entry_time": "2017-12-20 4:05:06",
       "grade_scale": 4,
       "grade_metric": 4,
       "grade_is_final": "True"
     }
  },
  {
    "model": "gsndb.grade",
    "pk": 169,
    "fields": {
       "student_snap": 21,
       "course": 7,
       "grade_data_entry_time": "2017-12-20 4:05:06",
       "grade_scale": 4,
       "grade_metric": 2,
       "grade_is_final": "True"
     }
  },
  {
    "model": "gsndb.grade",
    "pk": 170,
    "fields": {
       "student_snap": 21,
       "course": 8,
       "grade_data_entry_time": "2017-12-20 4:05:06",
       "grade_scale": 4,
       "grade_metric": 2,
       "grade_is_final": "True"
     }
  },
  {
    "model": "gsndb.grade",
    "pk": 171,
    "fields": {
       "student_snap": 21,
       "course": 9,
       "grade_data_entry_time": "2017-12-20 4:05:06",
       "grade_scale": 4,
       "grade_metric": 1,
       "grade_is_final": "True"
     }
  },
  {
    "model": "gsndb.grade",
    "pk": 172,
    "fields": {
       "student_snap": 21,
       "course": 10,
       "grade_data_entry_time": "2017-12-20 4:05:06",
       "grade_scale": 4,
       "grade_metric": 3,
       "grade_is_final": "True"
     }
  },
  {
    "model": "gsndb.grade",
    "pk": 173,
    "fields": {
       "student_snap": 21,
       "course": 11,
       "grade_data_entry_time": "2017-12-20 4:05:06",
       "grade_scale": 4,
       "grade_metric": 4,
       "grade_is_final": "True"
     }
  },
  {
    "model": "gsndb.grade",
    "pk": 174,
    "fields": {
       "student_snap": 21,
       "course": 12,
       "grade_data_entry_time": "2017-12-20 4:05:06",
       "grade_scale": 4,
       "grade_metric": 3,
       "grade_is_final": "True"
     }
  },
  {
    "model": "gsndb.grade",
    "pk": 175,
    "fields": {
       "student_snap": 22,
       "course": 7,
       "grade_data_entry_time": "2017-12-20 4:05:06",
       "grade_scale": 4,
       "grade_metric": 1,
       "grade_is_final": "True"
     }
  },
  {
    "model": "gsndb.grade",
    "pk": 176,
    "fields": {
       "student_snap": 22,
       "course": 8,
       "grade_data_entry_time": "2017-12-20 4:05:06",
       "grade_scale": 4,
       "grade_metric": 4,
       "grade_is_final": "True"
     }
  },
  {
    "model": "gsndb.grade",
    "pk": 177,
    "fields": {
       "student_snap": 22,
       "course": 9,
       "grade_data_entry_time": "2017-12-20 4:05:06",
       "grade_scale": 4,
       "grade_metric": 2,
       "grade_is_final": "True"
     }
  },
  {
    "model": "gsndb.grade",
    "pk": 178,
    "fields": {
       "student_snap": 22,
       "course": 10,
       "grade_data_entry_time": "2017-12-20 4:05:06",
       "grade_scale": 4,
       "grade_metric": 4,
       "grade_is_final": "True"
     }
  },
  {
    "model": "gsndb.grade",
    "pk": 179,
    "fields": {
       "student_snap": 22,
       "course": 11,
       "grade_data_entry_time": "2017-12-20 4:05:06",
       "grade_scale": 4,
       "grade_metric": 1,
       "grade_is_final": "True"
     }
  },
  {
    "model": "gsndb.grade",
    "pk": 180,
    "fields": {
       "student_snap": 22,
       "course": 12,
       "grade_data_entry_time": "2017-12-20 4:05:06",
       "grade_scale": 4,
       "grade_metric": 4,
       "grade_is_final": "True"
     }
  },
  {
    "model": "gsndb.grade",
    "pk": 181,
    "fields": {
       "student_snap": 23,
       "course": 7,
       "grade_data_entry_time": "2017-12-20 4:05:06",
       "grade_scale": 4,
       "grade_metric": 2,
       "grade_is_final": "True"
     }
  },
  {
    "model": "gsndb.grade",
    "pk": 182,
    "fields": {
       "student_snap": 23,
       "course": 8,
       "grade_data_entry_time": "2017-12-20 4:05:06",
       "grade_scale": 4,
       "grade_metric": 1,
       "grade_is_final": "True"
     }
  },
  {
    "model": "gsndb.grade",
    "pk": 183,
    "fields": {
       "student_snap": 23,
       "course": 9,
       "grade_data_entry_time": "2017-12-20 4:05:06",
       "grade_scale": 4,
       "grade_metric": 3,
       "grade_is_final": "True"
     }
  },
  {
    "model": "gsndb.grade",
    "pk": 184,
    "fields": {
       "student_snap": 23,
       "course": 10,
       "grade_data_entry_time": "2017-12-20 4:05:06",
       "grade_scale": 4,
       "grade_metric": 2,
       "grade_is_final": "True"
     }
  },
  {
    "model": "gsndb.grade",
    "pk": 185,
    "fields": {
       "student_snap": 23,
       "course": 11,
       "grade_data_entry_time": "2017-12-20 4:05:06",
       "grade_scale": 4,
       "grade_metric": 2,
       "grade_is_final": "True"
     }
  },
  {
    "model": "gsndb.grade",
    "pk": 186,
    "fields": {
       "student_snap": 23,
       "course": 12,
       "grade_data_entry_time": "2017-12-20 4:05:06",
       "grade_scale": 4,
       "grade_metric": 2,
       "grade_is_final": "True"
     }
  },
  {
    "model": "gsndb.grade",
    "pk": 187,
    "fields": {
       "student_snap": 24,
       "course": 7,
       "grade_data_entry_time": "2017-12-20 4:05:06",
       "grade_scale": 4,
       "grade_metric": 4,
       "grade_is_final": "True"
     }
  },
  {
    "model": "gsndb.grade",
    "pk": 188,
    "fields": {
       "student_snap": 24,
       "course": 8,
       "grade_data_entry_time": "2017-12-20 4:05:06",
       "grade_scale": 4,
       "grade_metric": 2,
       "grade_is_final": "True"
     }
  },
  {
    "model": "gsndb.grade",
    "pk": 189,
    "fields": {
       "student_snap": 24,
       "course": 9,
       "grade_data_entry_time": "2017-12-20 4:05:06",
       "grade_scale": 4,
       "grade_metric": 2,
       "grade_is_final": "True"
     }
  },
  {
    "model": "gsndb.grade",
    "pk": 190,
    "fields": {
       "student_snap": 24,
       "course": 10,
       "grade_data_entry_time": "2017-12-20 4:05:06",
       "grade_scale": 4,
       "grade_metric": 4,
       "grade_is_final": "True"
     }
  },
  {
    "model": "gsndb.grade",
    "pk": 191,
    "fields": {
       "student_snap": 24,
       "course": 11,
       "grade_data_entry_time": "2017-12-20 4:05:06",
       "grade_scale": 4,
       "grade_metric": 1,
       "grade_is_final": "True"
     }
  },
  {
    "model": "gsndb.grade",
    "pk": 192,
    "fields": {
       "student_snap": 24,
       "course": 12,
       "grade_data_entry_time": "2017-12-20 4:05:06",
       "grade_scale": 4,
       "grade_metric": 2,
       "grade_is_final": "True"
     }
  },
  {
    "model": "gsndb.behavior",
    "pk": 1,
    "fields": {
       "student_snap": 2,
       "behavior_incident_date_time": "2018-10-11 4:05:06",
       "behavior_context": "fighting",
       "behavior_result": "in school suspension"
     }
  },
  {
    "model": "gsndb.behavior",
    "pk": 2,
    "fields": {
       "student_snap": 10,
       "behavior_incident_date_time": "2018-12-04 4:05",
       "behavior_context": "swearing",
       "behavior_result": "office referral"
     }
  },
  {
    "model": "gsndb.behavior",
    "pk": 3,
    "fields": {
       "student_snap": 2,
       "behavior_incident_date_time": "2018-09-01 4:05",
       "behavior_context": "running with scissors",
       "behavior_result": "office referral"
     }
  },
  {
    "model": "gsndb.behavior",
    "pk": 4,
    "fields": {
       "student_snap": 10,
       "behavior_incident_date_time": "2018-03-19 4:05",
       "behavior_context": "disobeying class rules",
       "behavior_result": "office referral"
     }
  },
  {
    "model": "gsndb.behavior",
    "pk": 5,
    "fields": {
       "student_snap": 3,
       "behavior_incident_date_time": "2018-11-30 4:05",
       "behavior_context": "fighting",
       "behavior_result": "in school suspension"
     }
  },
  {
    "model": "gsndb.behavior",
    "pk": 6,
    "fields": {
       "student_snap": 13,
       "behavior_incident_date_time": "2018-03-03 4:05",
       "behavior_context": "chewing gum in class",
       "behavior_result": "office referral"
     }
  },
  {
    "model": "gsndb.behavior",
    "pk": 7,
    "fields": {
       "student_snap": 5,
       "behavior_incident_date_time": "2018-12-10 4:05",
       "behavior_context": "running illicit pokemon trade racket",
       "behavior_result": "in school suspension"
     }
  },
  {
    "model": "gsndb.behavior",
    "pk": 8,
    "fields": {
       "student_snap": 13,
       "behavior_incident_date_time": "2018-01-13 4:05",
       "behavior_context": "grand larceny",
       "behavior_result": "out of school suspension"
     }
  },
  {
    "model": "gsndb.behavior",
    "pk": 9,
    "fields": {
       "student_snap": 6,
       "behavior_incident_date_time": "2018-09-20 4:05",
       "behavior_context": "swearing",
       "behavior_result": "office referral"
     }
  },
  {
    "model": "gsndb.behavior",
    "pk": 10,
    "fields": {
       "student_snap": 14,
       "behavior_incident_date_time": "2018-05-05 4:05",
       "behavior_context": "disrespecting teacher",
       "behavior_result": "office referral"
     }
  },
  {
    "model": "gsndb.behavior",
    "pk": 11,
    "fields": {
       "student_snap": 6,
       "behavior_incident_date_time": "2018-12-25 4:05",
       "behavior_context": "smoking cigarrettes",
       "behavior_result": "office referral"
     }
  },
  {
    "model": "gsndb.behavior",
    "pk": 12,
    "fields": {
       "student_snap": 14,
       "behavior_incident_date_time": "2018-05-01 4:05",
       "behavior_context": "burned cross",
       "behavior_result": "expulsion"
     }
  },
  {
     "model": "gsndb.attendance",
     "pk": 1,
     "fields": {
       "student_snap": 1,
       "attendance_data_entry_time": "2018-09-01 4:05:06",
       "attendance_total_unexcused_absences": 4,
       "attendance_total_excused_absences": 1,
       "attendance_total_tardies": 4
     }
  },
  {
     "model": "gsndb.attendance",
     "pk": 2,
     "fields": {
       "student_snap": 2,
       "attendance_data_entry_time": "2018-09-01 4:05:06",
       "attendance_total_unexcused_absences": 5,
       "attendance_total_excused_absences": 0,
       "attendance_total_tardies": 0
     }
  },
  {
     "model": "gsndb.attendance",
     "pk": 3,
     "fields": {
       "student_snap": 3,
       "attendance_data_entry_time": "2018-09-01 4:05:06",
       "attendance_total_unexcused_absences": 5,
       "attendance_total_excused_absences": 0,
       "attendance_total_tardies": 3
     }
  },
  {
     "model": "gsndb.attendance",
     "pk": 4,
     "fields": {
       "student_snap": 4,
       "attendance_data_entry_time": "2018-09-01 4:05:06",
       "attendance_total_unexcused_absences": 5,
       "attendance_total_excused_absences": 0,
       "attendance_total_tardies": 2
     }
  },
  {
     "model": "gsndb.attendance",
     "pk": 5,
     "fields": {
       "student_snap": 5,
       "attendance_data_entry_time": "2018-09-01 4:05:06",
       "attendance_total_unexcused_absences": 4,
       "attendance_total_excused_absences": 1,
       "attendance_total_tardies": 4
     }
  },
  {
     "model": "gsndb.attendance",
     "pk": 6,
     "fields": {
       "student_snap": 6,
       "attendance_data_entry_time": "2018-09-01 4:05:06",
       "attendance_total_unexcused_absences": 2,
       "attendance_total_excused_absences": 4,
       "attendance_total_tardies": 4
     }
  },
  {
     "model": "gsndb.attendance",
     "pk": 7,
     "fields": {
       "student_snap": 7,
       "attendance_data_entry_time": "2018-09-01 4:05:06",
       "attendance_total_unexcused_absences": 0,
       "attendance_total_excused_absences": 1,
       "attendance_total_tardies": 1
     }
  },
  {
     "model": "gsndb.attendance",
     "pk": 8,
     "fields": {
       "student_snap": 8,
       "attendance_data_entry_time": "2018-09-01 4:05:06",
       "attendance_total_unexcused_absences": 0,
       "attendance_total_excused_absences": 4,
       "attendance_total_tardies": 1
     }
  },
  {
     "model": "gsndb.attendance",
     "pk": 9,
     "fields": {
       "student_snap": 1,
       "attendance_data_entry_time": "2018-10-01 4:05:06",
       "attendance_total_unexcused_absences": 7,
       "attendance_total_excused_absences": 5,
       "attendance_total_tardies": 9
     }
  },
  {
     "model": "gsndb.attendance",
     "pk": 10,
     "fields": {
       "student_snap": 2,
       "attendance_data_entry_time": "2018-10-01 4:05:06",
       "attendance_total_unexcused_absences": 7,
       "attendance_total_excused_absences": 6,
       "attendance_total_tardies": 3
     }
  },
  {
     "model": "gsndb.attendance",
     "pk": 11,
     "fields": {
       "student_snap": 3,
       "attendance_data_entry_time": "2018-10-01 4:05:06",
       "attendance_total_unexcused_absences": 5,
       "attendance_total_excused_absences": 2,
       "attendance_total_tardies": 5
     }
  },
  {
     "model": "gsndb.attendance",
     "pk": 12,
     "fields": {
       "student_snap": 4,
       "attendance_data_entry_time": "2018-10-01 4:05:06",
       "attendance_total_unexcused_absences": 8,
       "attendance_total_excused_absences": 10,
       "attendance_total_tardies": 8
     }
  },
  {
     "model": "gsndb.attendance",
     "pk": 13,
     "fields": {
       "student_snap": 5,
       "attendance_data_entry_time": "2018-10-01 4:05:06",
       "attendance_total_unexcused_absences": 8,
       "attendance_total_excused_absences": 3,
       "attendance_total_tardies": 4
     }
  },
  {
     "model": "gsndb.attendance",
     "pk": 14,
     "fields": {
       "student_snap": 6,
       "attendance_data_entry_time": "2018-10-01 4:05:06",
       "attendance_total_unexcused_absences": 3,
       "attendance_total_excused_absences": 6,
       "attendance_total_tardies": 4
     }
  },
  {
     "model": "gsndb.attendance",
     "pk": 15,
     "fields": {
       "student_snap": 7,
       "attendance_data_entry_time": "2018-10-01 4:05:06",
       "attendance_total_unexcused_absences": 3,
       "attendance_total_excused_absences": 4,
       "attendance_total_tardies": 4
     }
  },
  {
     "model": "gsndb.attendance",
     "pk": 16,
     "fields": {
       "student_snap": 8,
       "attendance_data_entry_time": "2018-10-01 4:05:06",
       "attendance_total_unexcused_absences": 3,
       "attendance_total_excused_absences": 6,
       "attendance_total_tardies": 5
     }
  },
  {
     "model": "gsndb.attendance",
     "pk": 17,
     "fields": {
       "student_snap": 1,
       "attendance_data_entry_time": "2018-11-01 4:05:06",
       "attendance_total_unexcused_absences": 15,
       "attendance_total_excused_absences": 7,
       "attendance_total_tardies": 15
     }
  },
  {
     "model": "gsndb.attendance",
     "pk": 18,
     "fields": {
       "student_snap": 2,
       "attendance_data_entry_time": "2018-11-01 4:05:06",
       "attendance_total_unexcused_absences": 14,
       "attendance_total_excused_absences": 6,
       "attendance_total_tardies": 14
     }
  },
  {
     "model": "gsndb.attendance",
     "pk": 19,
     "fields": {
       "student_snap": 3,
       "attendance_data_entry_time": "2018-11-01 4:05:06",
       "attendance_total_unexcused_absences": 7,
       "attendance_total_excused_absences": 9,
       "attendance_total_tardies": 5
     }
  },
  {
     "model": "gsndb.attendance",
     "pk": 20,
     "fields": {
       "student_snap": 4,
       "attendance_data_entry_time": "2018-11-01 4:05:06",
       "attendance_total_unexcused_absences": 11,
       "attendance_total_excused_absences": 14,
       "attendance_total_tardies": 9
     }
  },
  {
     "model": "gsndb.attendance",
     "pk": 21,
     "fields": {
       "student_snap": 5,
       "attendance_data_entry_time": "2018-11-01 4:05:06",
       "attendance_total_unexcused_absences": 11,
       "attendance_total_excused_absences": 14,
       "attendance_total_tardies": 8
     }
  },
  {
     "model": "gsndb.attendance",
     "pk": 22,
     "fields": {
       "student_snap": 6,
       "attendance_data_entry_time": "2018-11-01 4:05:06",
       "attendance_total_unexcused_absences": 3,
       "attendance_total_excused_absences": 6,
       "attendance_total_tardies": 12
     }
  },
  {
     "model": "gsndb.attendance",
     "pk": 23,
     "fields": {
       "student_snap": 7,
       "attendance_data_entry_time": "2018-11-01 4:05:06",
       "attendance_total_unexcused_absences": 8,
       "attendance_total_excused_absences": 12,
       "attendance_total_tardies": 7
     }
  },
  {
     "model": "gsndb.attendance",
     "pk": 24,
     "fields": {
       "student_snap": 8,
       "attendance_data_entry_time": "2018-11-01 4:05:06",
       "attendance_total_unexcused_absences": 14,
       "attendance_total_excused_absences": 15,
       "attendance_total_tardies": 15
     }
  }
]
